"","Kingdom","Phylum","Class","Order","Family","Genus","Species"
"2948705","Viruses","Uroviricota","Caudoviricetes","","Vilmaviridae","Faithunavirus",NA
"1983750","Viruses","Uroviricota","Caudoviricetes","","Vilmaviridae","Bongovirus",NA
"2733654","Viruses","Uroviricota","Caudoviricetes","","Autographiviridae","Pektosvirus",NA
"2733634","Viruses","Uroviricota","Caudoviricetes","","Autographiviridae","Kayfunavirus",NA
"2956444","Viruses","Uroviricota","Caudoviricetes","","","Shuimuvirus",NA
"2955537","Viruses","Uroviricota","Caudoviricetes","","Casjensviridae","Broinstvirus",NA
"2734104","Viruses","Uroviricota","Caudoviricetes","","","Derbicusvirus",NA
"2590895","Viruses","Uroviricota","Caudoviricetes","","","Bantamvirus",NA
"2560435","Viruses","Uroviricota","Caudoviricetes","","","Risingsunvirus",NA
"1984787","Viruses","Uroviricota","Caudoviricetes","","","Elvirus",NA
"322019","Viruses","Nucleocytoviricota","Megaviricetes","Algavirales","Phycodnaviridae","Chlorovirus",NA
"1094892","Viruses","Nucleocytoviricota","Megaviricetes","Imitervirales","Mimiviridae","Mimivirus",NA
"10491","Viruses","Nucleocytoviricota","Megaviricetes","Pimascovirales","Iridoviridae","Chloriridovirus",NA
"2749927","Viruses","Negarnaviricota","Monjiviricetes","Mononegavirales","Rhabdoviridae","Alphanucleorhabdovirus",NA
"351073","Viruses","Duplornaviricota","Resentoviricetes","Reovirales","Spinareoviridae","Orthoreovirus",NA
"2169803","Viruses","Kitrinoviricota","Alsuviricetes","Tymovirales","Betaflexiviridae","Carlavirus",NA
"2955427","Viruses","Uroviricota","Caudoviricetes","","","Beograduvirus",NA
"2733927","Viruses","Uroviricota","Caudoviricetes","","Autographiviridae","Kelmasvirus",NA
"1982251","Viruses","Uroviricota","Caudoviricetes","","","Pahexavirus",NA
"1623305","Viruses","Uroviricota","Caudoviricetes","","","Skunavirus",NA
"2750282","Viruses","Uroviricota","Caudoviricetes","","Rountreeviridae","Andhravirus",NA
"680287","Viruses","Uroviricota","Caudoviricetes","","Rountreeviridae","Rosenblumvirus",NA
"2419649","Viruses","Uroviricota","Caudoviricetes","","","Moineauvirus",NA
"1922246","Viruses","Uroviricota","Caudoviricetes","","","Sextaecvirus",NA
"1918723","Viruses","Uroviricota","Caudoviricetes","","Herelleviridae","Siminovitchvirus",NA
"1920753","Viruses","Uroviricota","Caudoviricetes","","Schitoviridae","Gamaleyavirus",NA
"2845095","Viruses","Uroviricota","Caudoviricetes","","Schitoviridae","Pylasvirus",NA
"1914019","Viruses","Uroviricota","Caudoviricetes","","Straboviridae","Schizotequatrovirus",NA
"1985736","Viruses","Uroviricota","Caudoviricetes","","Autographiviridae","Pradovirus",NA
"1983737","Viruses","Uroviricota","Caudoviricetes","","","Fishburnevirus",NA
"2956180","Viruses","Uroviricota","Caudoviricetes","Crassvirales","Steigviridae","Mahstovirus",NA
"2846393","Viruses","Uroviricota","Caudoviricetes","","","Borockvirus",NA
"2955989","Viruses","Uroviricota","Caudoviricetes","","","Immutovirus",NA
"561996","Viruses","Uroviricota","Caudoviricetes","","","Brujitavirus",NA
"1984798","Viruses","Uroviricota","Caudoviricetes","","","Perisivirus",NA
"2560092","Viruses","Uroviricota","Caudoviricetes","","","Aphroditevirus",NA
"540068","Viruses","Uroviricota","Caudoviricetes","","","Pukovnikvirus",NA
"1623282","Viruses","Uroviricota","Caudoviricetes","","","Chenonavirus",NA
"2956470","Viruses","Uroviricota","Caudoviricetes","","","Stormageddonvirus",NA
"2734264","Viruses","Uroviricota","Caudoviricetes","","","Picardvirus",NA
"2956376","Viruses","Uroviricota","Caudoviricetes","","","Rosariovirus",NA
"2845109","Viruses","Uroviricota","Caudoviricetes","","","Lastavirus",NA
"1982088","Viruses","Uroviricota","Caudoviricetes","","","Mudcatvirus",NA
"180230","Viruses","Peploviricota","Herviviricetes","Herpesvirales","Alloherpesviridae","Cyprinivirus",NA
"107324","Viruses","Artverviricota","Revtraviricetes","Ortervirales","Caulimoviridae","Solendovirus",NA
"2713640","Viruses","Artverviricota","Revtraviricetes","Ortervirales","Caulimoviridae","Cavemovirus",NA
"369960","Viruses","Artverviricota","Revtraviricetes","Ortervirales","Retroviridae","Gammaretrovirus",NA
"119164","Viruses","Pisuviricota","Pisoniviricetes","Sobelivirales","Solemoviridae","Polerovirus",NA
"12742","Viruses","Pisuviricota","Pisoniviricetes","Picornavirales","Iflaviridae","Iflavirus",NA
"333926","Viruses","Cossaviricota","Papovaviricetes","Zurhausenvirales","Papillomaviridae","Gammapapillomavirus",NA
"337051","Viruses","Cossaviricota","Papovaviricetes","Zurhausenvirales","Papillomaviridae","Betapapillomavirus",NA
"1891726","Viruses","Cossaviricota","Papovaviricetes","Sepolyvirales","Polyomaviridae","Alphapolyomavirus",NA
"1179664","Viruses","Nucleocytoviricota","Pokkesviricetes","Chitovirales","Poxviridae","Betaentomopoxvirus",NA
"2083300","Viruses","","","","Polydnaviriformidae","Bracoviriform",NA
"2734148","Viruses","Uroviricota","Caudoviricetes","","Kyanoviridae","Thaumasvirus",NA
"2734125","Viruses","Uroviricota","Caudoviricetes","","Kyanoviridae","Nerrivikvirus",NA
"2734151","Viruses","Uroviricota","Caudoviricetes","","Kyanoviridae","Vellamovirus",NA
"2734102","Viruses","Uroviricota","Caudoviricetes","","Kyanoviridae","Charybdisvirus",NA
"2734140","Viruses","Uroviricota","Caudoviricetes","","Kyanoviridae","Salacisavirus",NA
"2956131","Viruses","Uroviricota","Caudoviricetes","","Kyanoviridae","Lowelvirus",NA
"1985175","Viruses","Uroviricota","Caudoviricetes","","Herelleviridae","Caeruleovirus",NA
"115987","Viruses","Uroviricota","Caudoviricetes","","Straboviridae","Biquartavirus",NA
"1914195","Viruses","Uroviricota","Caudoviricetes","","Straboviridae","Dhakavirus",NA
"2955533","Viruses","Uroviricota","Caudoviricetes","","Straboviridae","Bragavirus",NA
"2560751","Viruses","Uroviricota","Caudoviricetes","","","Eneladusvirus",NA
"2732017","Viruses","Uroviricota","Caudoviricetes","","Demerecviridae","Epseptimavirus",NA
"2733994","Viruses","Uroviricota","Caudoviricetes","","Demerecviridae","Hongcheonvirus",NA
"2955712","Viruses","Uroviricota","Caudoviricetes","Crassvirales","Suoliviridae","Cohcovirus",NA
"2843791","Viruses","Uroviricota","Caudoviricetes","","","Rockvillevirus",NA
"1980923","Viruses","Uroviricota","Caudoviricetes","","","Mieseafarmvirus",NA
"927988","Viruses","Uroviricota","Caudoviricetes","","","Microwolfvirus",NA
"1922329","Viruses","Uroviricota","Caudoviricetes","","","Enhodamvirus",NA
"2956543","Viruses","Uroviricota","Caudoviricetes","Thumleimavirales","Druskaviridae","Tredecimvirus",NA
"1084719","Viruses","Uroviricota","Caudoviricetes","","","Donellivirus",NA
"2734081","Viruses","Uroviricota","Caudoviricetes","","","Alexandravirus",NA
"2560676","Viruses","Uroviricota","Caudoviricetes","","","Plaisancevirus",NA
"2955593","Viruses","Uroviricota","Caudoviricetes","","Assiduviridae","Cebadecemvirus",NA
"2733333","Viruses","Uroviricota","Caudoviricetes","","Autographiviridae","Uliginvirus",NA
"2560834","Viruses","Uroviricota","Caudoviricetes","","","Tidunavirus",NA
"2560589","Viruses","Uroviricota","Caudoviricetes","","","Elerivirus",NA
"2846608","Viruses","Uroviricota","Caudoviricetes","","Peduoviridae","Yongunavirus",NA
"1921123","Viruses","Uroviricota","Caudoviricetes","","","Nonanavirus",NA
"2560493","Viruses","Uroviricota","Caudoviricetes","","","Galunavirus",NA
"10397","Viruses","Peploviricota","Herviviricetes","Herpesvirales","Herpesviridae","Quwivirus",NA
"261939","Viruses","Peploviricota","Herviviricetes","Herpesvirales","Malacoherpesviridae","Ostreavirus",NA
"1213588","Viruses","Artverviricota","Revtraviricetes","Ortervirales","Caulimoviridae","Rosadnavirus",NA
"2508226","Viruses","Pisuviricota","Pisoniviricetes","Nidovirales","Mononiviridae","Alphamononivirus",NA
"1980489","Viruses","Negarnaviricota","Ellioviricetes","Bunyavirales","Hantaviridae","Orthohantavirus",NA
"519497","Viruses","Duplornaviricota","Resentoviricetes","Reovirales","Spinareoviridae","Fijivirus",NA
"328615","Viruses","Nucleocytoviricota","Megaviricetes","Pimascovirales","Ascoviridae","Ascovirus",NA
"62099","Viruses","Nucleocytoviricota","Pokkesviricetes","Chitovirales","Poxviridae","Alphaentomopoxvirus",NA
"2169700","Viruses","Preplasmiviricota","Tectiliviricetes","Kalamavirales","Tectiviridae","Alphatectivirus",NA
"10449","Viruses","","Naldaviricetes","Lefavirales","Baculoviridae","Alphabaculovirus",NA
"2747498","Viruses","","Naldaviricetes","Lefavirales","Hytrosaviridae","Muscavirus",NA
"342409","Viruses","","Naldaviricetes","","Nimaviridae","Whispovirus",NA
"1349409","Viruses","","","","","Pandoravirus",NA
"1980931","Viruses","Uroviricota","Caudoviricetes","","Herelleviridae","Sepunavirus",NA
"2560792","Viruses","Uroviricota","Caudoviricetes","","","Scapunavirus",NA
"2956181","Viruses","Uroviricota","Caudoviricetes","","Kyanoviridae","Makelovirus",NA
"2955972","Viruses","Uroviricota","Caudoviricetes","","Kyanoviridae","Haifavirus",NA
"2956035","Viruses","Uroviricota","Caudoviricetes","Crassvirales","Crevaviridae","Junduvirus",NA
"2734025","Viruses","Uroviricota","Caudoviricetes","","Drexlerviridae","Tunavirus",NA
"2734011","Viruses","Uroviricota","Caudoviricetes","","Drexlerviridae","Tlsvirus",NA
"2846038","Viruses","Uroviricota","Caudoviricetes","","Autographiviridae","Anchaingvirus",NA
"2845954","Viruses","Uroviricota","Caudoviricetes","","Autographiviridae","Warsawvirus",NA
"260149","Viruses","Uroviricota","Caudoviricetes","","Straboviridae","Ishigurovirus",NA
"2842979","Viruses","Uroviricota","Caudoviricetes","","Straboviridae","Pseudotevenvirus",NA
"2845589","Viruses","Uroviricota","Caudoviricetes","","","Burrovirus",NA
"186764","Viruses","Uroviricota","Caudoviricetes","","","Fromanvirus",NA
"2956432","Viruses","Uroviricota","Caudoviricetes","","","Sentinelvirus",NA
"2955496","Viruses","Uroviricota","Caudoviricetes","","","Bippervirus",NA
"2842796","Viruses","Uroviricota","Caudoviricetes","","","Kenoshavirus",NA
"2843477","Viruses","Uroviricota","Caudoviricetes","","","Yongloolinvirus",NA
"2170215","Viruses","Uroviricota","Caudoviricetes","","Schitoviridae","Pollockvirus",NA
"1982154","Viruses","Uroviricota","Caudoviricetes","","","Gordonvirus",NA
"2734279","Viruses","Uroviricota","Caudoviricetes","","","Sonalivirus",NA
"1623301","Viruses","Uroviricota","Caudoviricetes","","Vilmaviridae","Reyvirus",NA
"2704034","Viruses","Uroviricota","Caudoviricetes","","","Manhattanvirus",NA
"2846436","Viruses","Uroviricota","Caudoviricetes","","","Kungbxnavirus",NA
"2734501","Viruses","Pisuviricota","Pisoniviricetes","Nidovirales","Gresnaviridae","Cyclophivirus",NA
"642478","Viruses","Kitrinoviricota","Alsuviricetes","Martellivirales","Closteroviridae","Crinivirus",NA
"2844101","Viruses","","Naldaviricetes","Lefavirales","Nudiviridae","Alphanudivirus",NA
"1891765","Viruses","Cossaviricota","Papovaviricetes","Sepolyvirales","Polyomaviridae","Betapolyomavirus",NA
"2955582","Viruses","Uroviricota","Caudoviricetes","Crassvirales","Intestiviridae","Carjivirus",NA
"2734053","Viruses","Uroviricota","Caudoviricetes","","Herelleviridae","Sciuriunavirus",NA
"1147044","Viruses","Uroviricota","Caudoviricetes","","","Dubowvirus",NA
"2734057","Viruses","Uroviricota","Caudoviricetes","","Peduoviridae","Catalunyavirus",NA
"2955592","Viruses","Uroviricota","Caudoviricetes","","","Catfishvirus",NA
"1982895","Viruses","Uroviricota","Caudoviricetes","","","Hautrevirus",NA
"2843368","Viruses","Uroviricota","Caudoviricetes","","","Colunavirus",NA
"2734193","Viruses","Uroviricota","Caudoviricetes","","","Bertelyvirus",NA
"2731985","Viruses","Uroviricota","Caudoviricetes","","Autographiviridae","Tritonvirus",NA
"1982148","Viruses","Uroviricota","Caudoviricetes","","","Gaiavirus",NA
"59504","Viruses","Artverviricota","Revtraviricetes","Ortervirales","Caulimoviridae","Petuvirus",NA
"251749","Viruses","Nucleocytoviricota","Megaviricetes","Algavirales","Phycodnaviridae","Prymnesiovirus",NA
"10276","Viruses","Nucleocytoviricota","Pokkesviricetes","Chitovirales","Poxviridae","Suipoxvirus",NA
"619599","Viruses","Cressdnaviricota","Repensiviricetes","Geplafuvirales","Geminiviridae","Begomovirus",NA
"55510","Viruses","Uroviricota","Caudoviricetes","","Herelleviridae","Twortvirus",NA
"2732969","Viruses","Uroviricota","Caudoviricetes","","Herelleviridae","Baoshanvirus",NA
"2955560","Viruses","Uroviricota","Caudoviricetes","Crassvirales","Suoliviridae","Burzaovirus",NA
"399185","Viruses","Uroviricota","Caudoviricetes","","","Rockefellervirus",NA
"1982585","Viruses","Uroviricota","Caudoviricetes","","Salasmaviridae","Cepunavirus",NA
"2734111","Viruses","Uroviricota","Caudoviricetes","","Kyanoviridae","Kanaloavirus",NA
"338473","Viruses","Uroviricota","Caudoviricetes","","","Dybvigvirus",NA
"227470","Viruses","Uroviricota","Caudoviricetes","","Straboviridae","Cinqassovirus",NA
"2955844","Viruses","Uroviricota","Caudoviricetes","","Schitoviridae","Efbeekayvirus",NA
"2733128","Viruses","Uroviricota","Caudoviricetes","","","Saclayvirus",NA
"2734246","Viruses","Uroviricota","Caudoviricetes","","","Luckybarnesvirus",NA
"2560625","Viruses","Uroviricota","Caudoviricetes","","","Vhulanivirus",NA
"1513235","Viruses","Nucleocytoviricota","Megaviricetes","Imitervirales","Mimiviridae","Cafeteriavirus",NA
"1857889","Viruses","Uroviricota","Caudoviricetes","","Herelleviridae","Silviavirus",NA
"1914851","Viruses","Uroviricota","Caudoviricetes","","","Seunavirus",NA
"2844016","Viruses","Uroviricota","Caudoviricetes","","","Samwavirus",NA
"1633150","Viruses","Uroviricota","Caudoviricetes","","","Phifelvirus",NA
"2845480","Viruses","Uroviricota","Caudoviricetes","","","Audreyjarvisvirus",NA
"2734061","Viruses","Uroviricota","Caudoviricetes","","Peduoviridae","Entnonagintavirus",NA
"2011088","Viruses","Hofneiviricota","Faserviricetes","Tubulavirales","Inoviridae","Psecadovirus",NA
"2509395","Viruses","Pisuviricota","Pisoniviricetes","Nidovirales","Medioniviridae","Bolenivirus",NA
"12657","Viruses","Peploviricota","Herviviricetes","Herpesvirales","Herpesviridae","Percavirus",NA
"2734281","Viruses","Uroviricota","Caudoviricetes","","","Squashvirus",NA
"2955964","Viruses","Uroviricota","Caudoviricetes","","Straboviridae","Gualtarvirus",NA
"2956212","Viruses","Uroviricota","Caudoviricetes","","","Myrnavirus",NA
"2560220","Viruses","Uroviricota","Caudoviricetes","","","Samistivirus",NA
"2846407","Viruses","Uroviricota","Caudoviricetes","","","Karimacvirus",NA
"2955875","Viruses","Uroviricota","Caudoviricetes","","Schitoviridae","Exceevirus",NA
"2845506","Viruses","Uroviricota","Caudoviricetes","","","Limdunavirus",NA
"1330070","Viruses","Pisuviricota","Pisoniviricetes","Picornavirales","Picornaviridae","Megrivirus",NA
"631345","Viruses","Pisuviricota","Pisoniviricetes","Picornavirales","Solinviviridae","Invictavirus",NA
"2955567","Viruses","Uroviricota","Caudoviricetes","","","Caelumvirus",NA
"2846389","Viruses","Uroviricota","Caudoviricetes","","","Menderavirus",NA
"249151","Viruses","","Naldaviricetes","Lefavirales","Baculoviridae","Gammabaculovirus",NA
"1921017","Viruses","Uroviricota","Caudoviricetes","","Herelleviridae","Nitunavirus",NA
"2560214","Viruses","Uroviricota","Caudoviricetes","","","Rimavirus",NA
"1982590","Viruses","Uroviricota","Caudoviricetes","","","Kochitakasuvirus",NA
"2169689","Viruses","Uroviricota","Caudoviricetes","","Ackermannviridae","Miltonvirus",NA
"2734263","Viruses","Uroviricota","Caudoviricetes","","","Oneupvirus",NA
"1982368","Viruses","Uroviricota","Caudoviricetes","","","Pepyhexavirus",NA
"1985307","Viruses","Uroviricota","Caudoviricetes","","","Kolesnikvirus",NA
"2955563","Viruses","Uroviricota","Caudoviricetes","Crassvirales","Suoliviridae","Cacepaovirus",NA
"2844120","Viruses","Uroviricota","Caudoviricetes","","Schitoviridae","Eceepunavirus",NA
"2956283","Viruses","Uroviricota","Caudoviricetes","","Schitoviridae","Penintadodekavirus",NA
"2844675","Viruses","Uroviricota","Caudoviricetes","","","Secretariatvirus",NA
"2843724","Viruses","Uroviricota","Caudoviricetes","","","Klausavirus",NA
"2560269","Viruses","Uroviricota","Caudoviricetes","","","Metrivirus",NA
"2845426","Viruses","Uroviricota","Caudoviricetes","","","Nevevirus",NA
"2734095","Viruses","Uroviricota","Caudoviricetes","","Kyanoviridae","Bellamyvirus",NA
"2955924","Viruses","Uroviricota","Caudoviricetes","","Kyanoviridae","Galenevirus",NA
"722418","Viruses","Uroviricota","Caudoviricetes","","","Firehammervirus",NA
"2955917","Viruses","Uroviricota","Caudoviricetes","","","Foxquatrovirus",NA
"2843682","Viruses","Uroviricota","Caudoviricetes","","","Amoyvirus",NA
"2956122","Viruses","Uroviricota","Caudoviricetes","","","Lilbeanievirus",NA
"2956123","Viruses","Uroviricota","Caudoviricetes","","","Lilmcdreamyvirus",NA
"1982376","Viruses","Uroviricota","Caudoviricetes","","","Rerduovirus",NA
"2560499","Viruses","Uroviricota","Caudoviricetes","","","Ghobesvirus",NA
"1982575","Viruses","Uroviricota","Caudoviricetes","","","Titanvirus",NA
"10242","Viruses","Nucleocytoviricota","Pokkesviricetes","Chitovirales","Poxviridae","Orthopoxvirus",NA
"1826170","Viruses","Nucleocytoviricota","Megaviricetes","Pimascovirales","Marseilleviridae","Marseillevirus",NA
"2560501","Viruses","Uroviricota","Caudoviricetes","","","Gustavvirus",NA
"2956679","Viruses","Uroviricota","Caudoviricetes","Crassvirales","Intestiviridae","Whopevirus",NA
"2956046","Viruses","Uroviricota","Caudoviricetes","Crassvirales","Steigviridae","Kahnovirus",NA
"2956099","Viruses","Uroviricota","Caudoviricetes","Crassvirales","Steigviridae","Lahndsivirus",NA
"1982076","Viruses","Uroviricota","Caudoviricetes","","","Korravirus",NA
"1982900","Viruses","Uroviricota","Caudoviricetes","","","Rosebushvirus",NA
"1623281","Viruses","Uroviricota","Caudoviricetes","","","Cheoctovirus",NA
"2845104","Viruses","Uroviricota","Caudoviricetes","","Casjensviridae","Yonseivirus",NA
"680115","Viruses","Uroviricota","Caudoviricetes","","","Phikzvirus",NA
"2560133","Viruses","Uroviricota","Caudoviricetes","","","Flaumdravirus",NA
"1857843","Viruses","Uroviricota","Caudoviricetes","","Herelleviridae","Kayvirus",NA
"2734292","Viruses","Uroviricota","Caudoviricetes","","","Zetavirus",NA
"2956059","Viruses","Uroviricota","Caudoviricetes","","","Kimonavirus",NA
"2846391","Viruses","Uroviricota","Caudoviricetes","","Schitoviridae","Pokkenvirus",NA
"2560703","Viruses","Uroviricota","Caudoviricetes","","","Rigallicvirus",NA
"2734146","Viruses","Uroviricota","Caudoviricetes","","","Taranisvirus",NA
"2560671","Viruses","Uroviricota","Caudoviricetes","","","Noxifervirus",NA
"2169883","Viruses","Uroviricota","Caudoviricetes","","","Erskinevirus",NA
"2734135","Viruses","Uroviricota","Caudoviricetes","","","Qingdaovirus",NA
"2869569","Viruses","Uroviricota","Caudoviricetes","","","Petsuvirus",NA
"2846398","Viruses","Uroviricota","Caudoviricetes","","","Gilsonvirus",NA
"2734116","Viruses","Uroviricota","Caudoviricetes","","","Llyrvirus",NA
"2841283","Viruses","Uroviricota","Caudoviricetes","","Ackermannviridae","Kujavirus",NA
"2733973","Viruses","Uroviricota","Caudoviricetes","","Chaseviridae","Faunusvirus",NA
"2734242","Viruses","Uroviricota","Caudoviricetes","","","Krampusvirus",NA
"2734203","Viruses","Uroviricota","Caudoviricetes","","","Phistoryvirus",NA
"2955411","Viruses","Uroviricota","Caudoviricetes","","Pachyviridae","Baltivirus",NA
"2734245","Viruses","Uroviricota","Caudoviricetes","","","Liebevirus",NA
"2733169","Viruses","Uroviricota","Caudoviricetes","","","Austintatiousvirus",NA
"2560706","Viruses","Uroviricota","Caudoviricetes","","","Weaselvirus",NA
"2845757","Viruses","Uroviricota","Caudoviricetes","","","Dibbivirus",NA
"2956133","Viruses","Uroviricota","Caudoviricetes","","","Luchadorvirus",NA
"2704413","Viruses","Nucleocytoviricota","Megaviricetes","Pimascovirales","Iridoviridae","Lymphocystivirus",NA
"69576","Viruses","Artverviricota","Revtraviricetes","Ortervirales","Retroviridae","Betaretrovirus",NA
"1808970","Viruses","Artverviricota","Revtraviricetes","Ortervirales","Caulimoviridae","Caulimovirus",NA
"103722","Viruses","Kitrinoviricota","Alsuviricetes","Tymovirales","Tymoviridae","Maculavirus",NA
"1177759","Viruses","Cossaviricota","Papovaviricetes","Zurhausenvirales","Papillomaviridae","Chipapillomavirus",NA
"2844585","Viruses","Cressdnaviricota","Repensiviricetes","Geplafuvirales","Genomoviridae","Gemykibivirus",NA
"56947","Viruses","","Naldaviricetes","Lefavirales","Baculoviridae","Betabaculovirus",NA
"2956054","Viruses","Uroviricota","Caudoviricetes","Crassvirales","Steigviridae","Kehishuvirus",NA
"682370","Viruses","Uroviricota","Caudoviricetes","","","Brussowvirus",NA
"1701257","Viruses","Uroviricota","Caudoviricetes","","","Cornellvirus",NA
"2734197","Viruses","Uroviricota","Caudoviricetes","","","Kagunavirus",NA
"2948917","Viruses","Uroviricota","Caudoviricetes","","Zierdtviridae","Sukkupivirus",NA
"2748760","Viruses","Uroviricota","Caudoviricetes","","","Poindextervirus",NA
"2733155","Viruses","Uroviricota","Caudoviricetes","","","Shapirovirus",NA
"2169658","Viruses","Uroviricota","Caudoviricetes","","","Wizardvirus",NA
"2733958","Viruses","Uroviricota","Caudoviricetes","","Autographiviridae","Stompelvirus",NA
"2732918","Viruses","Uroviricota","Caudoviricetes","","Autographiviridae","Acadevirus",NA
"2955497","Viruses","Uroviricota","Caudoviricetes","","","Birdsnestvirus",NA
"2955990","Viruses","Uroviricota","Caudoviricetes","","","Imvubuvirus",NA
"2955709","Viruses","Uroviricota","Caudoviricetes","","","Clownvirus",NA
"2843467","Viruses","Uroviricota","Caudoviricetes","","","Thetabobvirus",NA
"2845598","Viruses","Uroviricota","Caudoviricetes","","","Fukuivirus",NA
"1922327","Viruses","Uroviricota","Caudoviricetes","","Herelleviridae","Wphvirus",NA
"2956315","Viruses","Uroviricota","Caudoviricetes","","Casjensviridae","Phobosvirus",NA
"2926475","Viruses","Uroviricota","Caudoviricetes","","Kyanoviridae","Sokavirus",NA
"2955845","Viruses","Uroviricota","Caudoviricetes","","Orlajensenviridae","Efekovirus",NA
"2843412","Viruses","Uroviricota","Caudoviricetes","","","Lambovirus",NA
"2845941","Viruses","Uroviricota","Caudoviricetes","","Chaseviridae","Myducvirus",NA
"2955569","Viruses","Uroviricota","Caudoviricetes","","Pervagoviridae","Callevirus",NA
"10663","Viruses","Uroviricota","Caudoviricetes","","Straboviridae","Tequatrovirus",NA
"1445727","Viruses","Uroviricota","Caudoviricetes","","","Konstantinevirus",NA
"1980944","Viruses","Uroviricota","Caudoviricetes","","Vertoviridae","Myohalovirus",NA
"1940555","Viruses","Peploviricota","Herviviricetes","Herpesvirales","Herpesviridae","Roseolovirus",NA
"35252","Viruses","Peploviricota","Herviviricetes","Herpesvirales","Herpesviridae","Macavirus",NA
"130556","Viruses","","Naldaviricetes","Lefavirales","Baculoviridae","Deltabaculovirus",NA
"2747309","Viruses","","Naldaviricetes","Lefavirales","Hytrosaviridae","Glossinavirus",NA
"1546257","Viruses","","Naldaviricetes","Lefavirales","Nudiviridae","Deltanudivirus",NA
"1450746","Viruses","","","","Pithoviridae","Pithovirus",NA
"10265","Viruses","Nucleocytoviricota","Pokkesviricetes","Chitovirales","Poxviridae","Capripoxvirus",NA
"2734570","Viruses","Nucleocytoviricota","Pokkesviricetes","Chitovirales","Poxviridae","Centapoxvirus",NA
"1933301","Viruses","Negarnaviricota","Ellioviricetes","Bunyavirales","Tospoviridae","Orthotospovirus",NA
"1307800","Viruses","Kitrinoviricota","Flasuviricetes","Amarillovirales","Flaviviridae","Pegivirus",NA
"2170145","Viruses","Cressdnaviricota","Arfiviricetes","Baphyvirales","Bacilladnaviridae","Protobacilladnavirus",NA
"2843747","Viruses","Taleaviricota","Tokiviricetes","Ligamenvirales","Rudiviridae","Azorudivirus",NA
"2844165","Viruses","Uroviricota","Caudoviricetes","","","Henunavirus",NA
"2955363","Viruses","Uroviricota","Caudoviricetes","","","Anthonyvirus",NA
"2955558","Viruses","Uroviricota","Caudoviricetes","","Salasmaviridae","Bundooravirus",NA
"2734144","Viruses","Uroviricota","Caudoviricetes","","","Schmittlotzvirus",NA
"2955907","Viruses","Uroviricota","Caudoviricetes","Crassvirales","Intestiviridae","Fohxhuevirus",NA
"2843733","Viruses","Uroviricota","Caudoviricetes","","","Vibakivirus",NA
"2955364","Viruses","Uroviricota","Caudoviricetes","","","Antsirabevirus",NA
"2956001","Viruses","Uroviricota","Caudoviricetes","","","Janusvirus",NA
"1982108","Viruses","Uroviricota","Caudoviricetes","","","Demosthenesvirus",NA
"2955513","Viruses","Uroviricota","Caudoviricetes","","Orlajensenviridae","Bonaevitaevirus",NA
"2734274","Viruses","Uroviricota","Caudoviricetes","","","Sansavirus",NA
"2560358","Viruses","Uroviricota","Caudoviricetes","","Herelleviridae","Klumppvirus",NA
"2560487","Viruses","Uroviricota","Caudoviricetes","","","Bowservirus",NA
"80341","Viruses","Peploviricota","Herviviricetes","Herpesvirales","Herpesviridae","Varicellovirus",NA
"1980430","Viruses","Negarnaviricota","Ellioviricetes","Bunyavirales","Fimoviridae","Emaravirus",NA
"1513278","Viruses","Kitrinoviricota","Alsuviricetes","Martellivirales","Kitaviridae","Higrevirus",NA
"1335626","Viruses","Pisuviricota","Pisoniviricetes","Nidovirales","Coronaviridae","Betacoronavirus",NA
"2955996","Viruses","Uroviricota","Caudoviricetes","Crassvirales","Intestiviridae","Jahgtovirus",NA
"2955735","Viruses","Uroviricota","Caudoviricetes","Crassvirales","Intestiviridae","Dabirmavirus",NA
"2956060","Viruses","Uroviricota","Caudoviricetes","Crassvirales","Crevaviridae","Kingevirus",NA
"2956048","Viruses","Uroviricota","Caudoviricetes","Crassvirales","Crevaviridae","Kahucivirus",NA
"2956064","Viruses","Uroviricota","Caudoviricetes","Crassvirales","Steigviridae","Kolpuevirus",NA
"1918011","Viruses","Uroviricota","Caudoviricetes","","Herelleviridae","Bastillevirus",NA
"1873778","Viruses","Uroviricota","Caudoviricetes","","Autographiviridae","Vectrevirus",NA
"2733898","Viruses","Uroviricota","Caudoviricetes","","Autographiviridae","Chosvirus",NA
"268748","Viruses","Uroviricota","Caudoviricetes","","Autographiviridae","Tiamatvirus",NA
"2845938","Viruses","Uroviricota","Caudoviricetes","","Kyanoviridae","Ronodorvirus",NA
"2948731","Viruses","Uroviricota","Caudoviricetes","","Zierdtviridae","Gruunavirus",NA
"1623278","Viruses","Uroviricota","Caudoviricetes","","Vilmaviridae","Bronvirus",NA
"2843628","Viruses","Uroviricota","Caudoviricetes","","Straboviridae","Hadassahvirus",NA
"2955393","Viruses","Uroviricota","Caudoviricetes","","Pachyviridae","Bacelvirus",NA
"680114","Viruses","Uroviricota","Caudoviricetes","","","Bixzunavirus",NA
"2560303","Viruses","Uroviricota","Caudoviricetes","","","Galaxyvirus",NA
"1982357","Viruses","Uroviricota","Caudoviricetes","","","Pamexvirus",NA
"2733974","Viruses","Uroviricota","Caudoviricetes","","Chaseviridae","Loessnervirus",NA
"1982879","Viruses","Uroviricota","Caudoviricetes","","","Camvirus",NA
"2560756","Viruses","Uroviricota","Caudoviricetes","","","Mooglevirus",NA
"2733170","Viruses","Uroviricota","Caudoviricetes","","","Bridgettevirus",NA
"2734230","Viruses","Uroviricota","Caudoviricetes","","","Edenvirus",NA
"1623285","Viruses","Uroviricota","Caudoviricetes","","","Corndogvirus",NA
"2733196","Viruses","Uroviricota","Caudoviricetes","","","Montyvirus",NA
"1993887","Viruses","Uroviricota","Caudoviricetes","","","Kostyavirus",NA
"2956343","Viruses","Uroviricota","Caudoviricetes","","","Puppervirus",NA
"2734235","Viruses","Uroviricota","Caudoviricetes","","","Franklinbayvirus",NA
"933845","Viruses","Nucleocytoviricota","Megaviricetes","Algavirales","Phycodnaviridae","Prasinovirus",NA
"231992","Viruses","Nucleocytoviricota","Megaviricetes","Algavirales","Phycodnaviridae","Phaeovirus",NA
"99000","Viruses","Nucleocytoviricota","Pokkesviricetes","Chitovirales","Poxviridae","Yatapoxvirus",NA
"304399","Viruses","Nucleocytoviricota","Pokkesviricetes","Chitovirales","Poxviridae","Cervidpoxvirus",NA
"74501","Viruses","Pisuviricota","Pisoniviricetes","Nidovirales","Tobaniviridae","Torovirus",NA
"219584","Viruses","Negarnaviricota","Monjiviricetes","Mononegavirales","Rhabdoviridae","Sprivivirus",NA
"1678905","Viruses","Duplornaviricota","Chrymotiviricetes","Ghabrivirales","Totiviridae","Leishmaniavirus",NA
"2846071","Viruses","Kitrinoviricota","Alsuviricetes","Hepelivirales","Matonaviridae","Rubivirus",NA
"10561","Viruses","Cossaviricota","Papovaviricetes","Zurhausenvirales","Papillomaviridae","Xipapillomavirus",NA
"2747343","Viruses","Saleviricota","Huolimaviricetes","Haloruvirales","Pleolipoviridae","Gammapleolipovirus",NA
"2843109","Viruses","Taleaviricota","Tokiviricetes","Ligamenvirales","Rudiviridae","Usarudivirus",NA
"2733178","Viruses","Uroviricota","Caudoviricetes","","","Godonkavirus",NA
"2948912","Viruses","Uroviricota","Caudoviricetes","","Zierdtviridae","Skysandvirus",NA
"2948710","Viruses","Uroviricota","Caudoviricetes","","Zierdtviridae","Foxborovirus",NA
"1982881","Viruses","Uroviricota","Caudoviricetes","","","Arequatrovirus",NA
"2734121","Viruses","Uroviricota","Caudoviricetes","","Kyanoviridae","Neptunevirus",NA
"2946813","Viruses","Uroviricota","Caudoviricetes","","","Avocadovirus",NA
"2956319","Viruses","Uroviricota","Caudoviricetes","","","Pinnievirus",NA
"2845648","Viruses","Uroviricota","Caudoviricetes","","","Cornievirus",NA
"2946794","Viruses","Uroviricota","Caudoviricetes","","","Amginevirus",NA
"2948788","Viruses","Uroviricota","Caudoviricetes","","","Kratiovirus",NA
"1982898","Viruses","Uroviricota","Caudoviricetes","","","Coopervirus",NA
"1982901","Viruses","Uroviricota","Caudoviricetes","","","Acadianvirus",NA
"2956386","Viruses","Uroviricota","Caudoviricetes","","","Saguarovirus",NA
"2560848","Viruses","Uroviricota","Caudoviricetes","","Casjensviridae","Sanovirus",NA
"2836091","Viruses","Uroviricota","Caudoviricetes","","","Tankvirus",NA
"2948772","Viruses","Uroviricota","Caudoviricetes","","","Jujuvirus",NA
"2733925","Viruses","Uroviricota","Caudoviricetes","","Autographiviridae","Kakivirus",NA
"2733363","Viruses","Uroviricota","Caudoviricetes","","Autographiviridae","Tunggulvirus",NA
"2955515","Viruses","Uroviricota","Caudoviricetes","","Mesyanzhinovviridae","Bosavirus",NA
"2956702","Viruses","Uroviricota","Caudoviricetes","","Mesyanzhinovviridae","Xooduovirus",NA
"2955737","Viruses","Uroviricota","Caudoviricetes","","","Dardanusvirus",NA
"1982360","Viruses","Uroviricota","Caudoviricetes","","","Patiencevirus",NA
"2956396","Viruses","Uroviricota","Caudoviricetes","","Saparoviridae","Samsavirus",NA
"2843731","Viruses","Uroviricota","Caudoviricetes","","","Laroyevirus",NA
"2955598","Viruses","Uroviricota","Caudoviricetes","","Assiduviridae","Cellubavirus",NA
"2733195","Viruses","Uroviricota","Caudoviricetes","","","Metamorphoovirus",NA
"2946815","Viruses","Uroviricota","Caudoviricetes","","","Backyardiganvirus",NA
"2734142","Viruses","Uroviricota","Caudoviricetes","","","Salmondvirus",NA
"2734252","Viruses","Uroviricota","Caudoviricetes","","","Mementomorivirus",NA
"2734261","Viruses","Uroviricota","Caudoviricetes","","","Neferthenavirus",NA
"2733202","Viruses","Uroviricota","Caudoviricetes","","","Quhwahvirus",NA
"2734243","Viruses","Uroviricota","Caudoviricetes","","","Lanavirus",NA
"2734240","Viruses","Uroviricota","Caudoviricetes","","","Jacevirus",NA
"2734228","Viruses","Uroviricota","Caudoviricetes","","","Coralvirus",NA
"2845594","Viruses","Uroviricota","Caudoviricetes","","","Akonivirus",NA
"2560387","Viruses","Uroviricota","Caudoviricetes","","","Cimpunavirus",NA
"2560261","Viruses","Uroviricota","Caudoviricetes","","","Busanvirus",NA
"2956463","Viruses","Uroviricota","Caudoviricetes","","","Skogvirus",NA
"2956317","Viruses","Uroviricota","Caudoviricetes","","","Phrappuccinovirus",NA
"466052","Viruses","Uroviricota","Caudoviricetes","","","Oshimavirus",NA
"2948946","Viruses","Uroviricota","Caudoviricetes","","","Veracruzvirus",NA
"2956309","Viruses","Uroviricota","Caudoviricetes","","","Pharaohvirus",NA
"10376","Viruses","Peploviricota","Herviviricetes","Herpesvirales","Herpesviridae","Lymphocryptovirus",NA
"1261657","Viruses","Peploviricota","Herviviricetes","Herpesvirales","Herpesviridae","Muromegalovirus",NA
"39720","Viruses","Artverviricota","Revtraviricetes","Ortervirales","Retroviridae","Epsilonretrovirus",NA
"35279","Viruses","Kitrinoviricota","Flasuviricetes","Amarillovirales","Flaviviridae","Flavivirus",NA
"10279","Viruses","Nucleocytoviricota","Pokkesviricetes","Chitovirales","Poxviridae","Molluscipoxvirus",NA
"129727","Viruses","Nucleocytoviricota","Pokkesviricetes","Chitovirales","Poxviridae","Parapoxvirus",NA
"29250","Viruses","","Naldaviricetes","Lefavirales","Nudiviridae","Betanudivirus",NA
"1513188","Viruses","Cossaviricota","Quintoviricetes","Piccovirales","Parvoviridae","Ambidensovirus",NA
"2844823","Viruses","Cossaviricota","Quintoviricetes","Piccovirales","Parvoviridae","Diciambidensovirus",NA
"265522","Viruses","","","","Polydnaviriformidae","Ichnoviriform",NA
"2956699","Viruses","Uroviricota","Caudoviricetes","Crassvirales","Steigviridae","Wulfhauvirus",NA
"2733957","Viruses","Uroviricota","Caudoviricetes","","Autographiviridae","Sieqvirus",NA
"2733944","Viruses","Uroviricota","Caudoviricetes","","Autographiviridae","Pelagivirus",NA
"2733610","Viruses","Uroviricota","Caudoviricetes","","Autographiviridae","Novosibovirus",NA
"2956426","Viruses","Uroviricota","Caudoviricetes","","Kyanoviridae","Sedonavirus",NA
"2948872","Viruses","Uroviricota","Caudoviricetes","","Kyanoviridae","Potamoivirus",NA
"2948726","Viruses","Uroviricota","Caudoviricetes","","","Gladiatorvirus",NA
"10683","Viruses","Uroviricota","Caudoviricetes","","","Takahashivirus",NA
"2734088","Viruses","Uroviricota","Caudoviricetes","","","Aurunvirus",NA
"2955923","Viruses","Uroviricota","Caudoviricetes","","Forsetiviridae","Freyavirus",NA
"1623288","Viruses","Uroviricota","Caudoviricetes","","","Liefievirus",NA
"2060093","Viruses","Uroviricota","Caudoviricetes","","Demerecviridae","Thalassavirus",NA
"1982102","Viruses","Uroviricota","Caudoviricetes","","","Bernalvirus",NA
"2843971","Viruses","Uroviricota","Caudoviricetes","","","Leicestervirus",NA
"1910936","Viruses","Uroviricota","Caudoviricetes","","Herelleviridae","Agatevirus",NA
"2734260","Viruses","Uroviricota","Caudoviricetes","","","Murrayvirus",NA
"97195","Viruses","Nucleocytoviricota","Megaviricetes","Algavirales","Phycodnaviridae","Raphidovirus",NA
"2734576","Viruses","Nucleocytoviricota","Pokkesviricetes","Chitovirales","Poxviridae","Salmonpoxvirus",NA
"2509616","Viruses","","Naldaviricetes","Lefavirales","Nudiviridae","Gammanudivirus",NA
"2948708","Viruses","Uroviricota","Caudoviricetes","","","Fionnbharthvirus",NA
"1982899","Viruses","Uroviricota","Caudoviricetes","","","Pipefishvirus",NA
"2948773","Viruses","Uroviricota","Caudoviricetes","","","Julieunavirus",NA
"2843629","Viruses","Uroviricota","Caudoviricetes","","Straboviridae","Lasallevirus",NA
"2560785","Viruses","Uroviricota","Caudoviricetes","","","Bingvirus",NA
"2948808","Viruses","Uroviricota","Caudoviricetes","","Vilmaviridae","Lumosvirus",NA
"1982880","Viruses","Uroviricota","Caudoviricetes","","","Likavirus",NA
"2560594","Viruses","Uroviricota","Caudoviricetes","","","Kojivirus",NA
"2846123","Viruses","Uroviricota","Caudoviricetes","","","Astrithrvirus",NA
"2734214","Viruses","Uroviricota","Caudoviricetes","","","Andrewvirus",NA
"2734248","Viruses","Uroviricota","Caudoviricetes","","","Lughvirus",NA
"2844646","Viruses","Cressdnaviricota","Repensiviricetes","Geplafuvirales","Genomoviridae","Gemyvongvirus",NA
"10261","Viruses","Nucleocytoviricota","Pokkesviricetes","Chitovirales","Poxviridae","Avipoxvirus",NA
"2956043","Viruses","Uroviricota","Caudoviricetes","","Zierdtviridae","Kablunavirus",NA
"2956325","Viruses","Uroviricota","Caudoviricetes","","Zierdtviridae","Pleakleyvirus",NA
"2956268","Viruses","Uroviricota","Caudoviricetes","Crassvirales","Steigviridae","Paundivirus",NA
"2956179","Viruses","Uroviricota","Caudoviricetes","Crassvirales","Steigviridae","Mahlunavirus",NA
"2956577","Viruses","Uroviricota","Caudoviricetes","","","Unicornvirus",NA
"2956344","Viruses","Uroviricota","Caudoviricetes","","","Purkyvirus",NA
"2956352","Viruses","Uroviricota","Caudoviricetes","","","Quesadillavirus",NA
"2560400","Viruses","Uroviricota","Caudoviricetes","","","Mimasvirus",NA
"2948640","Viruses","Uroviricota","Caudoviricetes","","Kyanoviridae","Bristolvirus",NA
"2734120","Viruses","Uroviricota","Caudoviricetes","","Kyanoviridae","Namakavirus",NA
"2843352","Viruses","Uroviricota","Caudoviricetes","","","Avanivirus",NA
"2560251","Viruses","Uroviricota","Caudoviricetes","","","Vividuovirus",NA
"2955888","Viruses","Uroviricota","Caudoviricetes","","","Finchvirus",NA
"2502431","Viruses","Uroviricota","Caudoviricetes","","","Attisvirus",NA
"2845588","Viruses","Uroviricota","Caudoviricetes","","","Tinytimothyvirus",NA
"2734129","Viruses","Uroviricota","Caudoviricetes","","","Phabquatrovirus",NA
"2955377","Viruses","Uroviricota","Caudoviricetes","","","Archimedesvirus",NA
"2843749","Viruses","Uroviricota","Caudoviricetes","","","Elmenteitavirus",NA
"1755682","Viruses","Uroviricota","Caudoviricetes","","","Woodruffvirus",NA
"2955862","Viruses","Uroviricota","Caudoviricetes","","Mesyanzhinovviridae","Epaquintavirus",NA
"2843721","Viruses","Uroviricota","Caudoviricetes","","","Anjalivirus",NA
"1849539","Viruses","Duplornaviricota","Chrymotiviricetes","Ghabrivirales","Alternaviridae","Alternavirus",NA
"1913995","Viruses","Uroviricota","Caudoviricetes","","Straboviridae","Gaprivervirus",NA
"2560383","Viruses","Uroviricota","Caudoviricetes","","Straboviridae","Moonvirus",NA
"2733098","Viruses","Uroviricota","Caudoviricetes","","Kyanoviridae","Brizovirus",NA
"2733968","Viruses","Uroviricota","Caudoviricetes","","Autographiviridae","Votkovvirus",NA
"2560283","Viruses","Uroviricota","Caudoviricetes","","","Popoffvirus",NA
"2955429","Viruses","Uroviricota","Caudoviricetes","Crassvirales","Suoliviridae","Besingivirus",NA
"2169910","Viruses","Uroviricota","Caudoviricetes","","","Hawkeyevirus",NA
"2845970","Viruses","Uroviricota","Caudoviricetes","","Schitoviridae","Inbricusvirus",NA
"1120751","Viruses","Pisuviricota","Pisoniviricetes","Picornavirales","Secoviridae","Sadwavirus",NA
"1913642","Viruses","Pisuviricota","Pisoniviricetes","Nidovirales","Coronaviridae","Alphacoronavirus",NA
"2843069","Viruses","Uroviricota","Caudoviricetes","","","Tanisvirus",NA
"2776856","Viruses","Uroviricota","Caudoviricetes","","","Yangvirus",NA
"1698709","Viruses","Uroviricota","Caudoviricetes","","","Anayavirus",NA
"1913651","Viruses","Uroviricota","Caudoviricetes","","Straboviridae","Krischvirus",NA
"1917990","Viruses","Uroviricota","Caudoviricetes","","Herelleviridae","Bequatrovirus",NA
"2846415","Viruses","Uroviricota","Caudoviricetes","","Schitoviridae","Raunefjordenvirus",NA
"2560305","Viruses","Uroviricota","Caudoviricetes","","","Marthavirus",NA
"2734284","Viruses","Uroviricota","Caudoviricetes","","","Trinevirus",NA
"2955965","Viruses","Uroviricota","Caudoviricetes","","Pachyviridae","Gundelvirus",NA
"2560486","Viruses","Uroviricota","Caudoviricetes","","","Wilnyevirus",NA
"2956223","Viruses","Uroviricota","Caudoviricetes","","Kyanoviridae","Nilusvirus",NA
"1982562","Viruses","Uroviricota","Caudoviricetes","","","Soupsvirus",NA
"2956429","Viruses","Uroviricota","Caudoviricetes","Kirjokansivirales","Graaviviridae","Seejivirus",NA
"2560509","Viruses","Uroviricota","Caudoviricetes","","","Sourvirus",NA
"2169731","Viruses","Uroviricota","Caudoviricetes","","","Baxtervirus",NA
"2560388","Viruses","Uroviricota","Caudoviricetes","","","Cinunavirus",NA
"2734238","Viruses","Uroviricota","Caudoviricetes","","","Goodmanvirus",NA
"2956210","Viruses","Uroviricota","Caudoviricetes","","","Myradeevirus",NA
"2734266","Viruses","Uroviricota","Caudoviricetes","","","Raleighvirus",NA
"83191","Viruses","Nucleocytoviricota","Pokkesviricetes","Chitovirales","Poxviridae","Deltaentomopoxvirus",NA
"190063","Viruses","Preplasmiviricota","Tectiliviricetes","Rowavirales","Adenoviridae","Aviadenovirus",NA
"1972685","Viruses","Negarnaviricota","Monjiviricetes","Mononegavirales","Rhabdoviridae","Almendravirus",NA
"2845700","Viruses","Negarnaviricota","Monjiviricetes","Jingchuvirales","Chuviridae","Odonatavirus",NA
"1983561","Viruses","Kitrinoviricota","Magsaviricetes","Nodamuvirales","Sinhaliviridae","Sinaivirus",NA
"2734044","Viruses","Uroviricota","Caudoviricetes","","Herelleviridae","Schiekvirus",NA
"2560160","Viruses","Uroviricota","Caudoviricetes","","Herelleviridae","Kochikohdavirus",NA
"1982246","Viruses","Uroviricota","Caudoviricetes","","","Incheonvirus",NA
"2843726","Viruses","Uroviricota","Caudoviricetes","","","Kuleanavirus",NA
"2560491","Viruses","Uroviricota","Caudoviricetes","","","Emalynvirus",NA
"1985325","Viruses","Uroviricota","Caudoviricetes","","Straboviridae","Jiaodavirus",NA
"50292","Viruses","Peploviricota","Herviviricetes","Herpesvirales","Herpesviridae","Cytomegalovirus",NA
"334203","Viruses","Cossaviricota","Papovaviricetes","Zurhausenvirales","Papillomaviridae","Mupapillomavirus",NA
"1972593","Viruses","Negarnaviricota","Monjiviricetes","Mononegavirales","Rhabdoviridae","Ephemerovirus",NA
"1980523","Viruses","Negarnaviricota","Ellioviricetes","Bunyavirales","Nairoviridae","Orthonairovirus",NA
"2170039","Viruses","Pisuviricota","Pisoniviricetes","Picornavirales","Secoviridae","Nepovirus",NA
"2560539","Viruses","Uroviricota","Caudoviricetes","","Demerecviridae","Sugarlandvirus",NA
"187218","Viruses","Uroviricota","Caudoviricetes","","Demerecviridae","Tequintavirus",NA
"1985729","Viruses","Uroviricota","Caudoviricetes","","Autographiviridae","Limelightvirus",NA
"1985737","Viruses","Uroviricota","Caudoviricetes","","Autographiviridae","Eracentumvirus",NA
"2734231","Viruses","Uroviricota","Caudoviricetes","","","Feofaniavirus",NA
"2906468","Viruses","Uroviricota","Caudoviricetes","","Peduoviridae","Kisquattuordecimvirus",NA
"2955751","Viruses","Uroviricota","Caudoviricetes","","","Deseoctovirus",NA
"2733156","Viruses","Uroviricota","Caudoviricetes","","","Getalongvirus",NA
"1198140","Viruses","Uroviricota","Caudoviricetes","","","Felixounavirus",NA
"2956390","Viruses","Uroviricota","Caudoviricetes","","Casjensviridae","Salvovirus",NA
"2734159","Viruses","Uroviricota","Caudoviricetes","","","Hungariovirus",NA
"2734249","Viruses","Uroviricota","Caudoviricetes","","","Majavirus",NA
"1918726","Viruses","Uroviricota","Caudoviricetes","","","Jilinvirus",NA
"1982595","Viruses","Uroviricota","Caudoviricetes","","Schitoviridae","Luzseptimavirus",NA
"2956185","Viruses","Uroviricota","Caudoviricetes","","","Manovirus",NA
"2846185","Viruses","Uroviricota","Caudoviricetes","","","Parlovirus",NA
"2843355","Viruses","Uroviricota","Caudoviricetes","","","Bakolyvirus",NA
"2734216","Viruses","Uroviricota","Caudoviricetes","","","Apricotvirus",NA
"2956401","Viruses","Uroviricota","Caudoviricetes","","","Schmidtvirus",NA
"2560489","Viruses","Uroviricota","Caudoviricetes","","","Britbratvirus",NA
"2734236","Viruses","Uroviricota","Caudoviricetes","","","Gillianvirus",NA
"2843639","Viruses","Uroviricota","Caudoviricetes","","Schitoviridae","Presleyvirus",NA
"2170216","Viruses","Uroviricota","Caudoviricetes","","Schitoviridae","Ithacavirus",NA
"2169532","Viruses","Uroviricota","Caudoviricetes","","Ackermannviridae","Agtrevirus",NA
"2841302","Viruses","Uroviricota","Caudoviricetes","","Ackermannviridae","Tedavirus",NA
"2956382","Viruses","Uroviricota","Caudoviricetes","","Straboviridae","Roskildevirus",NA
"235201","Viruses","Uroviricota","Caudoviricetes","","","Coetzeevirus",NA
"2560778","Viruses","Uroviricota","Caudoviricetes","","","Lacusarxvirus",NA
"2955710","Viruses","Uroviricota","Caudoviricetes","","","Coatlandelriovirus",NA
"2845950","Viruses","Uroviricota","Caudoviricetes","","Zobellviridae","Melvirus",NA
"2955861","Viruses","Uroviricota","Caudoviricetes","Crassvirales","Intestiviridae","Endlipuvirus",NA
"2843729","Viruses","Uroviricota","Caudoviricetes","","","Mufasoctovirus",NA
"93386","Viruses","Peploviricota","Herviviricetes","Herpesvirales","Herpesviridae","Mardivirus",NA
"1910991","Viruses","Uroviricota","Caudoviricetes","","","Jerseyvirus",NA
"2955512","Viruses","Uroviricota","Caudoviricetes","Crassvirales","Suoliviridae","Bohxovirus",NA
"2734030","Viruses","Uroviricota","Caudoviricetes","","Drexlerviridae","Sauletekiovirus",NA
"2844166","Viruses","Uroviricota","Caudoviricetes","","Schitoviridae","Yonginvirus",NA
"2733146","Viruses","Uroviricota","Caudoviricetes","","Schitoviridae","Mukerjeevirus",NA
"2863195","Viruses","Uroviricota","Caudoviricetes","","Schitoviridae","Cbunavirus",NA
"2732036","Viruses","Uroviricota","Caudoviricetes","","Demerecviridae","Haartmanvirus",NA
"233894","Viruses","Uroviricota","Caudoviricetes","","Straboviridae","Tulanevirus",NA
"2734110","Viruses","Uroviricota","Caudoviricetes","","","Heilongjiangvirus",NA
"194966","Viruses","Uroviricota","Caudoviricetes","","Autographiviridae","Zindervirus",NA
"2846064","Viruses","Uroviricota","Caudoviricetes","","","Whackvirus",NA
"1176146","Viruses","Cossaviricota","Papovaviricetes","Zurhausenvirales","Papillomaviridae","Rhopapillomavirus",NA
"2733999","Viruses","Uroviricota","Caudoviricetes","","Demerecviridae","Shenzhenvirus",NA
"2733954","Viruses","Uroviricota","Caudoviricetes","","Autographiviridae","Scottvirus",NA
"2733656","Viruses","Uroviricota","Caudoviricetes","","Autographiviridae","Pifdecavirus",NA
"2723896","Viruses","Uroviricota","Caudoviricetes","","","Mydovirus",NA
"2946819","Viruses","Uroviricota","Caudoviricetes","","","Benedictvirus",NA
"1982225","Viruses","Uroviricota","Caudoviricetes","","","Jenstvirus",NA
"2844289","Viruses","Uroviricota","Caudoviricetes","","Duneviridae","Labanvirus",NA
"1623283","Viruses","Uroviricota","Caudoviricetes","","Casjensviridae","Chivirus",NA
"2843766","Viruses","Uroviricota","Caudoviricetes","","Herelleviridae","Eldridgevirus",NA
"2560608","Viruses","Uroviricota","Caudoviricetes","","","Tortellinivirus",NA
"2955599","Viruses","Uroviricota","Caudoviricetes","","Casjensviridae","Cenphatecvirus",NA
"2843650","Viruses","Uroviricota","Caudoviricetes","","","Plateaulakevirus",NA
"2844158","Viruses","Negarnaviricota","Monjiviricetes","Mononegavirales","Rhabdoviridae","Vesiculovirus",NA
"10497","Viruses","Nucleocytoviricota","Pokkesviricetes","Asfuvirales","Asfarviridae","Asfivirus",NA
"2956010","Viruses","Uroviricota","Caudoviricetes","","Straboviridae","Jiangsuvirus",NA
"2955384","Viruses","Uroviricota","Caudoviricetes","Crassvirales","Suoliviridae","Aurodevirus",NA
"1980915","Viruses","Negarnaviricota","Monjiviricetes","Mononegavirales","Rhabdoviridae","Novirhabdovirus",NA
"2560545","Viruses","Uroviricota","Caudoviricetes","","","Alcyoneusvirus",NA
"2560366","Viruses","Pisuviricota","Pisoniviricetes","Picornavirales","Picornaviridae","Dicipivirus",NA
"2843841","Viruses","Taleaviricota","Tokiviricetes","Primavirales","Tristromaviridae","Betatristromavirus",NA
"75387","Viruses","Kitrinoviricota","Alsuviricetes","Tymovirales","Betaflexiviridae","Foveavirus",NA
"1177752","Viruses","Kitrinoviricota","Alsuviricetes","Martellivirales","Closteroviridae","Velarivirus",NA
"1636618","Viruses","Uroviricota","Caudoviricetes","","","Fletchervirus",NA
"154334","Viruses","Peploviricota","Herviviricetes","Herpesvirales","Herpesviridae","Rhadinovirus",NA
"2734466","Viruses","Negarnaviricota","Ellioviricetes","Bunyavirales","Phenuiviridae","Phlebovirus",NA
"1852629","Viruses","Uroviricota","Caudoviricetes","","","Vieuvirus",NA
"2560561","Viruses","Uroviricota","Caudoviricetes","","Herelleviridae","Pecentumvirus",NA
"2955956","Viruses","Uroviricota","Caudoviricetes","","Kyanoviridae","Glaucusvirus",NA
"2733115","Viruses","Uroviricota","Caudoviricetes","","","Naesvirus",NA
"57119","Viruses","Cressdnaviricota","Repensiviricetes","Geplafuvirales","Geminiviridae","Mastrevirus",NA
"1982238","Viruses","Uroviricota","Caudoviricetes","","","Kelleziovirus",NA
"2734187","Viruses","Uroviricota","Caudoviricetes","","Schitoviridae","Shizishanvirus",NA
"2843778","Viruses","Uroviricota","Caudoviricetes","","","Pemunavirus",NA
"1978546","Viruses","Negarnaviricota","Monjiviricetes","Mononegavirales","Rhabdoviridae","Ledantevirus",NA
"1236573","Viruses","Uroviricota","Caudoviricetes","","","Lwoffvirus",NA
"1982096","Viruses","Uroviricota","Caudoviricetes","","Mesyanzhinovviridae","Abidjanvirus",NA
"2734286","Viruses","Uroviricota","Caudoviricetes","","","Vashvirus",NA
"298338","Viruses","Uroviricota","Caudoviricetes","","Herelleviridae","Salchichonvirus",NA
"1984788","Viruses","Uroviricota","Caudoviricetes","","","Jimmervirus",NA
"1984774","Viruses","Uroviricota","Caudoviricetes","","","Abouovirus",NA
"2843759","Viruses","Uroviricota","Caudoviricetes","","","Camtrevirus",NA
"2948823","Viruses","Uroviricota","Caudoviricetes","Thumleimavirales","Hafunaviridae","Mincapvirus",NA
"1623290","Viruses","Uroviricota","Caudoviricetes","","","Cecivirus",NA
"2843752","Viruses","Uroviricota","Caudoviricetes","","","Jarrellvirus",NA
"2845688","Viruses","Uroviricota","Caudoviricetes","","","Ravarandavirus",NA
"2844151","Viruses","Uroviricota","Caudoviricetes","","Rountreeviridae","Minhovirus",NA
"40058","Viruses","Duplornaviricota","Resentoviricetes","Reovirales","Sedoreoviridae","Orbivirus",NA
"2734078","Viruses","Uroviricota","Caudoviricetes","","Kyanoviridae","Acionnavirus",NA
"181082","Viruses","Nucleocytoviricota","Megaviricetes","Algavirales","Phycodnaviridae","Coccolithovirus",NA
"1913653","Viruses","Uroviricota","Caudoviricetes","","Straboviridae","Gelderlandvirus",NA
"2560598","Viruses","Pisuviricota","Pisoniviricetes","Picornavirales","Picornaviridae","Mischivirus",NA
"1913655","Viruses","Uroviricota","Caudoviricetes","","Straboviridae","Karamvirus",NA
"2956206","Viruses","Uroviricota","Caudoviricetes","","Straboviridae","Mosugukvirus",NA
"2732970","Viruses","Uroviricota","Caudoviricetes","","Herelleviridae","Harbinvirus",NA
"2560189","Viruses","Uroviricota","Caudoviricetes","","Demerecviridae","Novosibvirus",NA
"2733321","Viruses","Uroviricota","Caudoviricetes","","Autographiviridae","Pettyvirus",NA
"2733372","Viruses","Uroviricota","Caudoviricetes","","Autographiviridae","Panjvirus",NA
"2733591","Viruses","Uroviricota","Caudoviricetes","","Autographiviridae","Higashivirus",NA
"2560685","Viruses","Uroviricota","Caudoviricetes","","","Otagovirus",NA
"2846232","Viruses","Uroviricota","Caudoviricetes","","Schitoviridae","Huelvavirus",NA
"2956650","Viruses","Uroviricota","Caudoviricetes","","","Vipetofemvirus",NA
"2734074","Viruses","Uroviricota","Caudoviricetes","","Peduoviridae","Simpcentumvirus",NA
"1982248","Viruses","Uroviricota","Caudoviricetes","","","Inhavirus",NA
"2560719","Viruses","Uroviricota","Caudoviricetes","","","Holosalinivirus",NA
"2560596","Viruses","Uroviricota","Caudoviricetes","","","Pikminvirus",NA
"2955604","Viruses","Uroviricota","Caudoviricetes","","Vertoviridae","Chaovirus",NA
"2845405","Viruses","Uroviricota","Caudoviricetes","","","Fremauxvirus",NA
"1984776","Viruses","Uroviricota","Caudoviricetes","","","Agricanvirus",NA
"2560094","Viruses","Uroviricota","Caudoviricetes","","","Asteriusvirus",NA
"2734251","Viruses","Uroviricota","Caudoviricetes","","","Maxrubnervirus",NA
"39444","Viruses","Nucleocytoviricota","Pokkesviricetes","Chitovirales","Poxviridae","Oryzopoxvirus",NA
"2955762","Viruses","Uroviricota","Caudoviricetes","Crassvirales","Intestiviridae","Diorhovirus",NA
"2948826","Viruses","Uroviricota","Caudoviricetes","","Molycolviridae","Mollyvirus",NA
"2560592","Viruses","Uroviricota","Caudoviricetes","","","Farahnazvirus",NA
"2734277","Viruses","Uroviricota","Caudoviricetes","","","Schubertvirus",NA
"2956385","Viruses","Uroviricota","Caudoviricetes","","","Sagamiharavirus",NA
"1920762","Viruses","Uroviricota","Caudoviricetes","","Schitoviridae","Litunavirus",NA
"2734018","Viruses","Uroviricota","Caudoviricetes","","Drexlerviridae","Warwickvirus",NA
"2845135","Viruses","Uroviricota","Caudoviricetes","","","Lacnuvirus",NA
"1981153","Viruses","Peploviricota","Herviviricetes","Herpesvirales","Herpesviridae","Bossavirus",NA
"2560707","Viruses","Negarnaviricota","Ellioviricetes","Bunyavirales","Peribunyaviridae","Pacuvirus",NA
"2844505","Viruses","Cressdnaviricota","Repensiviricetes","Geplafuvirales","Genomoviridae","Gemycircularvirus",NA
"2734115","Viruses","Uroviricota","Caudoviricetes","","Kyanoviridae","Libanvirus",NA
"2846414","Viruses","Uroviricota","Caudoviricetes","","Schitoviridae","Aorunvirus",NA
"2846603","Viruses","Uroviricota","Caudoviricetes","","Zobellviridae","Icepovirus",NA
"2560286","Viruses","Uroviricota","Caudoviricetes","","","Polybotosvirus",NA
"2946830","Viruses","Uroviricota","Caudoviricetes","Crassvirales","Suoliviridae","Birpovirus",NA
"2560835","Viruses","Uroviricota","Caudoviricetes","","Demerecviridae","Vipunavirus",NA
"2560514","Viruses","Uroviricota","Caudoviricetes","","","Yvonnevirus",NA
"1921704","Viruses","Uroviricota","Caudoviricetes","","Straboviridae","Tegunavirus",NA
"2734563","Viruses","Artverviricota","Revtraviricetes","Ortervirales","Caulimoviridae","Dioscovirus",NA
"1080799","Viruses","Pisuviricota","Stelpaviricetes","Patatavirales","Potyviridae","Potyvirus",NA
"240426","Viruses","Nucleocytoviricota","Pokkesviricetes","Chitovirales","Poxviridae","Sciuripoxvirus",NA
"2003672","Viruses","Preplasmiviricota","Tectiliviricetes","Rowavirales","Adenoviridae","Atadenovirus",NA
"346882","Viruses","Taleaviricota","Tokiviricetes","Ligamenvirales","Lipothrixviridae","Betalipothrixvirus",NA
"2733922","Viruses","Uroviricota","Caudoviricetes","","Autographiviridae","Jiaoyazivirus",NA
"2733618","Viruses","Uroviricota","Caudoviricetes","","Autographiviridae","Ghunavirus",NA
"2733593","Viruses","Uroviricota","Caudoviricetes","","Autographiviridae","Mguuvirus",NA
"2956110","Viruses","Uroviricota","Caudoviricetes","","","Leonardvirus",NA
"2843380","Viruses","Uroviricota","Caudoviricetes","","","Fernvirus",NA
"2560588","Viruses","Uroviricota","Caudoviricetes","","","Dismasvirus",NA
"146015","Viruses","Peploviricota","Herviviricetes","Herpesvirales","Herpesviridae","Proboscivirus",NA
"11866","Viruses","Artverviricota","Revtraviricetes","Ortervirales","Retroviridae","Alpharetrovirus",NA
"28355","Viruses","Kitrinoviricota","Alsuviricetes","Martellivirales","Virgaviridae","Pecluvirus",NA
"2083444","Viruses","Duplornaviricota","Resentoviricetes","Reovirales","Spinareoviridae","Aquareovirus",NA
"2844641","Viruses","Cressdnaviricota","Repensiviricetes","Geplafuvirales","Genomoviridae","Gemykroznavirus",NA
"2733124","Viruses","Uroviricota","Caudoviricetes","","","Phapecoctavirus",NA
"2955329","Viruses","Uroviricota","Caudoviricetes","","","Aminayvirus",NA
"2956575","Viruses","Uroviricota","Caudoviricetes","","","Typhavirus",NA
"1913652","Viruses","Uroviricota","Caudoviricetes","","Straboviridae","Mosigvirus",NA
"176652","Viruses","Nucleocytoviricota","Megaviricetes","Pimascovirales","Iridoviridae","Iridovirus",NA
"2844620","Viruses","Cressdnaviricota","Repensiviricetes","Geplafuvirales","Genomoviridae","Gemykolovirus",NA
"2845127","Viruses","Uroviricota","Caudoviricetes","","Herelleviridae","Tybeckvirus",NA
"2056885","Viruses","Artverviricota","Revtraviricetes","Ortervirales","Caulimoviridae","Badnavirus",NA
"2560335","Viruses","Uroviricota","Caudoviricetes","","Herelleviridae","Siophivirus",NA
"2170234","Viruses","Uroviricota","Caudoviricetes","","","Saundersvirus",NA
"2734215","Viruses","Uroviricota","Caudoviricetes","","","Appavirus",NA
"2843470","Viruses","Uroviricota","Caudoviricetes","","","Vedamuthuvirus",NA
"2955559","Viruses","Uroviricota","Caudoviricetes","Crassvirales","Suoliviridae","Buorbuivirus",NA
"1159907","Viruses","Pisuviricota","Pisoniviricetes","Nidovirales","Coronaviridae","Deltacoronavirus",NA
"2560395","Viruses","Uroviricota","Caudoviricetes","","Zierdtviridae","Chunghsingvirus",NA
"2734229","Viruses","Uroviricota","Caudoviricetes","","","Daredevilvirus",NA
"2083445","Viruses","Duplornaviricota","Resentoviricetes","Reovirales","Spinareoviridae","Cypovirus",NA
"2050587","Viruses","Cressdnaviricota","Arfiviricetes","Cirlivirales","Circoviridae","Cyclovirus",NA
"1884450","Viruses","Pisuviricota","Pisoniviricetes","Picornavirales","","Husavirus",NA
"2018501","Viruses","Pisuviricota","Pisoniviricetes","Picornavirales","Polycipiviridae","Sopolycivirus",NA
"2496529","Viruses","Negarnaviricota","Monjiviricetes","Mononegavirales","Filoviridae","Dianlovirus",NA
"2732675","Viruses","Uroviricota","Caudoviricetes","","Autographiviridae","Aarhusvirus",NA
"2733650","Viruses","Uroviricota","Caudoviricetes","","Autographiviridae","Ningirsuvirus",NA
"2560692","Viruses","Uroviricota","Caudoviricetes","","","Krylovvirus",NA
"2560496","Viruses","Uroviricota","Caudoviricetes","","","Getseptimavirus",NA
"2956713","Viruses","Uroviricota","Caudoviricetes","","","Zitchvirus",NA
"107804","Viruses","Kitrinoviricota","Alsuviricetes","Martellivirales","Virgaviridae","Furovirus",NA
"2845191","Viruses","Uroviricota","Caudoviricetes","","","Sandinevirus",NA
"2956441","Viruses","Uroviricota","Caudoviricetes","","Casjensviridae","Sharonstreetvirus",NA
"2844309","Viruses","Uroviricota","Caudoviricetes","","","Latrobevirus",NA
"2844626","Viruses","Cressdnaviricota","Repensiviricetes","Geplafuvirales","Genomoviridae","Gemykrogvirus",NA
"2955602","Viruses","Uroviricota","Caudoviricetes","","Kyanoviridae","Chalconvirus",NA
"2734207","Viruses","Uroviricota","Caudoviricetes","","","Lenusvirus",NA
"2734156","Viruses","Uroviricota","Caudoviricetes","","","Wifcevirus",NA
"2843953","Viruses","Uroviricota","Caudoviricetes","","Zobellviridae","Citrovirus",NA
"1034114","Viruses","Uroviricota","Caudoviricetes","","","Keshuvirus",NA
"2731935","Viruses","Uroviricota","Caudoviricetes","","Autographiviridae","Cuernavacavirus",NA
"2843347","Viruses","Uroviricota","Caudoviricetes","","","Annadreamyvirus",NA
"2733871","Viruses","Uroviricota","Caudoviricetes","","Autographiviridae","Teseptimavirus",NA
"2776813","Viruses","Uroviricota","Caudoviricetes","","","Jedunavirus",NA
"1918522","Viruses","Uroviricota","Caudoviricetes","","","Lightbulbvirus",NA
"1198980","Viruses","Uroviricota","Caudoviricetes","","","Pbunavirus",NA
"2560480","Viruses","Negarnaviricota","Ellioviricetes","Bunyavirales","Phasmaviridae","Orthophasmavirus",NA
"2560356","Viruses","Pisuviricota","Pisoniviricetes","Picornavirales","Marnaviridae","Sogarnavirus",NA
"72539","Viruses","Kitrinoviricota","Alsuviricetes","Tymovirales","Tymoviridae","Tymovirus",NA
"2955317","Viruses","Dividoviricota","Laserviricetes","Halopanivirales","Sphaerolipoviridae","Alphasphaerolipovirus",NA
"2845391","Viruses","Uroviricota","Caudoviricetes","","","Ceduovirus",NA
"2733161","Viruses","Uroviricota","Caudoviricetes","","","Lidleunavirus",NA
"2732775","Viruses","Uroviricota","Caudoviricetes","","Autographiviridae","Apdecimavirus",NA
"2732781","Viruses","Uroviricota","Caudoviricetes","","Autographiviridae","Berlinvirus",NA
"2955578","Viruses","Uroviricota","Caudoviricetes","Crassvirales","Suoliviridae","Canhaevirus",NA
"2842725","Viruses","Uroviricota","Caudoviricetes","","Salasmaviridae","Hemphillvirus",NA
"2845962","Viruses","Uroviricota","Caudoviricetes","","","Knuthellervirus",NA
"2169536","Viruses","Uroviricota","Caudoviricetes","","Ackermannviridae","Kuttervirus",NA
"2843411","Viruses","Uroviricota","Caudoviricetes","","","Lahexavirus",NA
"2845088","Viruses","Uroviricota","Caudoviricetes","","Schitoviridae","Kaypoctavirus",NA
"388452","Viruses","Uroviricota","Caudoviricetes","","","Chopinvirus",NA
"2845000","Viruses","Taleaviricota","Tokiviricetes","Ligamenvirales","Rudiviridae","Icerudivirus",NA
"2169963","Viruses","Uroviricota","Caudoviricetes","","Schitoviridae","Jwalphavirus",NA
"2956321","Viruses","Uroviricota","Caudoviricetes","Crassvirales","Steigviridae","Pipoluvirus",NA
"2734268","Viruses","Uroviricota","Caudoviricetes","","","Rogerhendrixvirus",NA
"2955532","Viruses","Uroviricota","Caudoviricetes","","Peduoviridae","Bracchivirus",NA
"2843640","Viruses","Uroviricota","Caudoviricetes","","Straboviridae","Zedzedvirus",NA
"31721","Viruses","Kitrinoviricota","Alsuviricetes","Hepelivirales","Benyviridae","Benyvirus",NA
"2956264","Viruses","Uroviricota","Caudoviricetes","","Orlajensenviridae","Paopuvirus",NA
"2842609","Viruses","Uroviricota","Caudoviricetes","","Salasmaviridae","Claudivirus",NA
"2560407","Viruses","Uroviricota","Caudoviricetes","","","Nanhaivirus",NA
"2844856","Viruses","Taleaviricota","Tokiviricetes","Ligamenvirales","Rudiviridae","Hoswirudivirus",NA
"2501381","Viruses","Negarnaviricota","Ellioviricetes","Bunyavirales","Hantaviridae","Mobatvirus",NA
"2956234","Viruses","Uroviricota","Caudoviricetes","","Schitoviridae","Oliverunavirus",NA
"2733346","Viruses","Uroviricota","Caudoviricetes","","Autographiviridae","Stompvirus",NA
"2733903","Viruses","Uroviricota","Caudoviricetes","","Autographiviridae","Ermolevavirus",NA
"2843732","Viruses","Uroviricota","Caudoviricetes","","","Triplejayvirus",NA
"2845137","Viruses","Uroviricota","Caudoviricetes","","Herelleviridae","Elpedvirus",NA
"2846180","Viruses","Uroviricota","Caudoviricetes","","","Myosmarvirus",NA
"2052899","Viruses","Artverviricota","Revtraviricetes","Ortervirales","Metaviridae","Metavirus",NA
"1921412","Viruses","Uroviricota","Caudoviricetes","","","Pakpunavirus",NA
"2560688","Viruses","Uroviricota","Caudoviricetes","","","Nickievirus",NA
"2843756","Viruses","Uroviricota","Caudoviricetes","","Herelleviridae","Jeonjuvirus",NA
"2955740","Viruses","Uroviricota","Caudoviricetes","Crassvirales","Intestiviridae","Delmidovirus",NA
"1914852","Viruses","Uroviricota","Caudoviricetes","","","Vequintavirus",NA
"2843450","Viruses","Uroviricota","Caudoviricetes","","","Sarumanvirus",NA
"2560595","Viruses","Uroviricota","Caudoviricetes","","","Minunavirus",NA
"1864623","Viruses","Uroviricota","Caudoviricetes","","","Uetakevirus",NA
"2733220","Viruses","Uroviricota","Caudoviricetes","","Mesyanzhinovviridae","Vojvodinavirus",NA
"1848040","Viruses","Artverviricota","Revtraviricetes","Ortervirales","Caulimoviridae","Soymovirus",NA
"2845650","Viruses","Uroviricota","Caudoviricetes","","","Hnatkovirus",NA
"1982365","Viruses","Uroviricota","Caudoviricetes","","","Predatorvirus",NA
"2560392","Viruses","Uroviricota","Caudoviricetes","","","Sasvirus",NA
"2734118","Viruses","Uroviricota","Caudoviricetes","","Kyanoviridae","Mazuvirus",NA
"2656530","Viruses","Uroviricota","Caudoviricetes","","","Bendigovirus",NA
"1623280","Viruses","Uroviricota","Caudoviricetes","","","Charlievirus",NA
"1982219","Viruses","Uroviricota","Caudoviricetes","","","Gordtnkvirus",NA
"1623306","Viruses","Uroviricota","Caudoviricetes","","","Timquatrovirus",NA
"1920750","Viruses","Uroviricota","Caudoviricetes","","","Mapvirus",NA
"2733207","Viruses","Uroviricota","Caudoviricetes","","","Ruthyvirus",NA
"2956238","Viruses","Uroviricota","Caudoviricetes","","","Omarvirus",NA
"2560476","Viruses","Uroviricota","Caudoviricetes","","","Fipvunavirus",NA
"2948789","Viruses","Uroviricota","Caudoviricetes","","","Kroosvirus",NA
"700542","Viruses","","","","Clavaviridae","Clavavirus",NA
"2846250","Viruses","Uroviricota","Caudoviricetes","","","Phietavirus",NA
"2169873","Viruses","Uroviricota","Caudoviricetes","","","Doucettevirus",NA
"1891750","Viruses","Cossaviricota","Papovaviricetes","Sepolyvirales","Polyomaviridae","Gammapolyomavirus",NA
"2571252","Viruses","Uroviricota","Caudoviricetes","","","Nymphadoravirus",NA
"2955942","Viruses","Uroviricota","Caudoviricetes","","Casjensviridae","Gediminasvirus",NA
"2733886","Viruses","Uroviricota","Caudoviricetes","","Autographiviridae","Troedvirus",NA
"337043","Viruses","Cossaviricota","Papovaviricetes","Zurhausenvirales","Papillomaviridae","Alphapapillomavirus",NA
"2956015","Viruses","Uroviricota","Caudoviricetes","","","Jolieduovirus",NA
"1914850","Viruses","Uroviricota","Caudoviricetes","","","Certrevirus",NA
"2845655","Viruses","Uroviricota","Caudoviricetes","","","Sparkyvirus",NA
"1985328","Viruses","Uroviricota","Caudoviricetes","","Straboviridae","Slopekvirus",NA
"2065215","Viruses","Nucleocytoviricota","Megaviricetes","Pimascovirales","Ascoviridae","Toursvirus",NA
"1285600","Viruses","Nucleocytoviricota","Pokkesviricetes","Chitovirales","Poxviridae","Crocodylidpoxvirus",NA
"687376","Viruses","","","","Anelloviridae","Betatorquevirus",NA
"2846075","Viruses","Uroviricota","Caudoviricetes","","Schitoviridae","Pomeroyivirus",NA
"2163965","Viruses","Uroviricota","Caudoviricetes","","Schitoviridae","Littlefixvirus",NA
"2734276","Viruses","Uroviricota","Caudoviricetes","","","Schnabeltiervirus",NA
"1915208","Viruses","Uroviricota","Caudoviricetes","","","Obolenskvirus",NA
"2731674","Viruses","Uroviricota","Caudoviricetes","","Autographiviridae","Kaohsiungvirus",NA
"2733920","Viruses","Uroviricota","Caudoviricetes","","Autographiviridae","Igirivirus",NA
"1921709","Viruses","Uroviricota","Caudoviricetes","","","Slashvirus",NA
"2843418","Viruses","Uroviricota","Caudoviricetes","","","Lillamyvirus",NA
"2560689","Viruses","Uroviricota","Caudoviricetes","","","Chakrabartyvirus",NA
"2845949","Viruses","Uroviricota","Caudoviricetes","","","Shandongvirus",NA
"2956529","Viruses","Uroviricota","Caudoviricetes","","","Thonkovirus",NA
"2734239","Viruses","Uroviricota","Caudoviricetes","","","Hiyaavirus",NA
"1987019","Viruses","Negarnaviricota","Monjiviricetes","Mononegavirales","Rhabdoviridae","Tibrovirus",NA
"95342","Viruses","Pisuviricota","Pisoniviricetes","Picornavirales","Caliciviridae","Sapovirus",NA
"2846248","Viruses","Uroviricota","Caudoviricetes","","","Biseptimavirus",NA
"2955746","Viruses","Cossaviricota","Papovaviricetes","Sepolyvirales","Polyomaviridae","Deltapolyomavirus",NA
"2955552","Viruses","Uroviricota","Caudoviricetes","Crassvirales","Suoliviridae","Buchavirus",NA
"2742113","Viruses","Uroviricota","Caudoviricetes","","","Kuravirus",NA
"2955983","Viruses","Uroviricota","Caudoviricetes","","","Harrisonburgvirus",NA
"2948775","Viruses","Uroviricota","Caudoviricetes","","","Justusliebigvirus",NA
"2734271","Viruses","Uroviricota","Caudoviricetes","","","Rowavirus",NA
"2956095","Viruses","Uroviricota","Caudoviricetes","","Vilmaviridae","Kumaovirus",NA
"2560307","Viruses","Uroviricota","Caudoviricetes","","","Amigovirus",NA
"2560796","Viruses","Negarnaviricota","Ellioviricetes","Bunyavirales","Peribunyaviridae","Orthobunyavirus",NA
"2003680","Viruses","Kitrinoviricota","Alsuviricetes","Martellivirales","Endornaviridae","Alphaendornavirus",NA
"2560502","Viruses","Uroviricota","Caudoviricetes","","","Hedwigvirus",NA
"2560506","Viruses","Uroviricota","Caudoviricetes","","","Nyceiraevirus",NA
"2560399","Viruses","Uroviricota","Caudoviricetes","","","Ikedavirus",NA
"1982151","Viruses","Uroviricota","Caudoviricetes","","","Gilesvirus",NA
"1972639","Viruses","Negarnaviricota","Monjiviricetes","Mononegavirales","Rhabdoviridae","Cytorhabdovirus",NA
"2560655","Viruses","Uroviricota","Caudoviricetes","","Autographiviridae","Bifseptvirus",NA
"1985720","Viruses","Uroviricota","Caudoviricetes","","Autographiviridae","Przondovirus",NA
"2955232","Viruses","Uroviricota","Caudoviricetes","Crassvirales","Suoliviridae","Afonbuvirus",NA
"2942992","Viruses","Uroviricota","Caudoviricetes","Crassvirales","Suoliviridae","Culoivirus",NA
"2734085","Viruses","Uroviricota","Caudoviricetes","","Kyanoviridae","Atlauavirus",NA
"2734188","Viruses","Uroviricota","Caudoviricetes","","","Skarprettervirus",NA
"2846435","Viruses","Uroviricota","Caudoviricetes","","","Shirahamavirus",NA
"2843161","Viruses","Uroviricota","Caudoviricetes","","Schitoviridae","Zicotriavirus",NA
"2560359","Viruses","Uroviricota","Caudoviricetes","","Casjensviridae","Ahduovirus",NA
"2772448","Viruses","Uroviricota","Caudoviricetes","","","Privateervirus",NA
"2169994","Viruses","Negarnaviricota","Ellioviricetes","Bunyavirales","Arenaviridae","Mammarenavirus",NA
"2734573","Viruses","Nucleocytoviricota","Pokkesviricetes","Chitovirales","Poxviridae","Mustelpoxvirus",NA
"2846262","Viruses","Uroviricota","Caudoviricetes","","","Triavirus",NA
"2844143","Viruses","Uroviricota","Caudoviricetes","","Rountreeviridae","Copernicusvirus",NA
"2843751","Viruses","Uroviricota","Caudoviricetes","","","Pushchinovirus",NA
"2560652","Viruses","Uroviricota","Caudoviricetes","","Demerecviridae","Priunavirus",NA
"2747382","Viruses","Negarnaviricota","Ellioviricetes","Bunyavirales","Phenuiviridae","Uukuvirus",NA
"1779339","Viruses","Kitrinoviricota","Alsuviricetes","Martellivirales","Bromoviridae","Ilarvirus",NA
"1137801","Viruses","Cressdnaviricota","Arfiviricetes","Mulpavirales","Nanoviridae","Nanovirus",NA
"2843389","Viruses","Uroviricota","Caudoviricetes","Thumleimavirales","Hafunaviridae","Haloferacalesvirus",NA
"1925782","Viruses","Uroviricota","Caudoviricetes","","","Nankokuvirus",NA
"1984796","Viruses","Uroviricota","Caudoviricetes","","","Seoulvirus",NA
"2560836","Viruses","Uroviricota","Caudoviricetes","","Demerecviridae","Jesfedecavirus",NA
"130309","Viruses","Preplasmiviricota","Tectiliviricetes","Rowavirales","Adenoviridae","Mastadenovirus",NA
"1985183","Viruses","Uroviricota","Caudoviricetes","","Herelleviridae","Tsarbombavirus",NA
"2955750","Viruses","Uroviricota","Caudoviricetes","","","Denvervirus",NA
"2560124","Viruses","Uroviricota","Caudoviricetes","","","Efquatrovirus",NA
"1329402","Viruses","Nucleocytoviricota","Pokkesviricetes","Chitovirales","Poxviridae","Vespertilionpoxvirus",NA
"2845772","Viruses","Preplasmiviricota","Tectiliviricetes","","Autolykiviridae","Paulavirus",NA
"298333","Viruses","Preplasmiviricota","Tectiliviricetes","Rowavirales","Adenoviridae","Siadenovirus",NA
"2956559","Viruses","Uroviricota","Caudoviricetes","","","Tsukubavirus",NA
"2845126","Viruses","Uroviricota","Caudoviricetes","","Herelleviridae","Watanabevirus",NA
"1653398","Viruses","Negarnaviricota","Ellioviricetes","Bunyavirales","Arenaviridae","Reptarenavirus",NA
"2734103","Viruses","Uroviricota","Caudoviricetes","","Kyanoviridae","Cymopoleiavirus",NA
"2841303","Viruses","Uroviricota","Caudoviricetes","","Ackermannviridae","Vapseptimavirus",NA
"2733930","Viruses","Uroviricota","Caudoviricetes","","Autographiviridae","Lingvirus",NA
"2733907","Viruses","Uroviricota","Caudoviricetes","","Autographiviridae","Fussvirus",NA
"2843786","Viruses","Uroviricota","Caudoviricetes","","Salasmaviridae","Mingyongvirus",NA
"2843651","Viruses","Uroviricota","Caudoviricetes","","Straboviridae","Ceceduovirus",NA
"2734089","Viruses","Uroviricota","Caudoviricetes","","","Baikalvirus",NA
"1918194","Viruses","Uroviricota","Caudoviricetes","","","Helsingorvirus",NA
"2955992","Viruses","Uroviricota","Caudoviricetes","","Duneviridae","Ingelinevirus",NA
"2843426","Viruses","Uroviricota","Caudoviricetes","","","Muminvirus",NA
"2282206","Viruses","Peploviricota","Herviviricetes","Herpesvirales","Alloherpesviridae","Batrachovirus",NA
"2170046","Viruses","Negarnaviricota","Milneviricetes","Serpentovirales","Aspiviridae","Ophiovirus",NA
"675060","Viruses","Pisuviricota","Duplopiviricetes","Durnavirales","Partitiviridae","Cryspovirus",NA
"1929964","Viruses","Duplornaviricota","Resentoviricetes","Reovirales","Sedoreoviridae","Rotavirus",NA
"2733662","Viruses","Uroviricota","Caudoviricetes","","Autographiviridae","Pijolavirus",NA
"2732693","Viruses","Uroviricota","Caudoviricetes","","Autographiviridae","Teetrevirus",NA
"2955556","Viruses","Uroviricota","Caudoviricetes","Crassvirales","Suoliviridae","Buhlduvirus",NA
"2734127","Viruses","Uroviricota","Caudoviricetes","","Kyanoviridae","Palaemonvirus",NA
"2956125","Viruses","Uroviricota","Caudoviricetes","","Kyanoviridae","Lipsvirus",NA
"2956200","Viruses","Uroviricota","Caudoviricetes","","","Moomoovirus",NA
"10660","Viruses","Preplasmiviricota","Tectiliviricetes","Vinavirales","Corticoviridae","Corticovirus",NA
"2734079","Viruses","Uroviricota","Caudoviricetes","","Kyanoviridae","Ahtivirus",NA
"2955947","Viruses","Uroviricota","Caudoviricetes","","Kyanoviridae","Gibbetvirus",NA
"1918720","Viruses","Uroviricota","Caudoviricetes","","","Cbastvirus",NA
"2734092","Viruses","Uroviricota","Caudoviricetes","","","Barbavirus",NA
"2845649","Viruses","Uroviricota","Caudoviricetes","","","Cukevirus",NA
"1987127","Viruses","Pisuviricota","Pisoniviricetes","Picornavirales","Picornaviridae","Hepatovirus",NA
"85454","Viruses","Kitrinoviricota","Alsuviricetes","Tymovirales","Alphaflexiviridae","Potexvirus",NA
"2956583","Viruses","Lenarviricota","Howeltoviricetes","Cryppavirales","Mitoviridae","Unuamitovirus",NA
"2746926","Viruses","Cossaviricota","Quintoviricetes","Piccovirales","Parvoviridae","Blattambidensovirus",NA
"2843882","Viruses","Uroviricota","Caudoviricetes","","","Agmunavirus",NA
"2955840","Viruses","Uroviricota","Caudoviricetes","","Casjensviridae","Dunedinvirus",NA
"1235662","Viruses","Cossaviricota","Papovaviricetes","Zurhausenvirales","Papillomaviridae","Dyothetapapillomavirus",NA
"1873698","Viruses","Nucleocytoviricota","Pokkesviricetes","Chitovirales","Poxviridae","Pteropopoxvirus",NA
"2734262","Viruses","Uroviricota","Caudoviricetes","","","Oengusvirus",NA
"2734101","Viruses","Uroviricota","Caudoviricetes","","","Carpasinavirus",NA
"2955958","Viruses","Uroviricota","Caudoviricetes","","Kyanoviridae","Greenvirus",NA
"2846050","Viruses","Uroviricota","Caudoviricetes","","","Rahariannevirus",NA
"2846043","Viruses","Uroviricota","Caudoviricetes","","","Firingavirus",NA
"2560279","Viruses","Uroviricota","Caudoviricetes","","Autographiviridae","Friunavirus",NA
"1895333","Viruses","Taleaviricota","Tokiviricetes","Ligamenvirales","Rudiviridae","Rudivirus",NA
"1623292","Viruses","Uroviricota","Caudoviricetes","","","Omegavirus",NA
"2956574","Viruses","Uroviricota","Caudoviricetes","","","Turbidovirus",NA
"2169857","Viruses","Duplornaviricota","Vidaverviricetes","Mindivirales","Cystoviridae","Cystovirus",NA
"1136535","Viruses","Uroviricota","Caudoviricetes","","","Lessievirus",NA
"2734195","Viruses","Uroviricota","Caudoviricetes","","","Colossusvirus",NA
"2734247","Viruses","Uroviricota","Caudoviricetes","","","Luckytenvirus",NA
"37124","Viruses","Kitrinoviricota","Alsuviricetes","Martellivirales","Togaviridae","Alphavirus",NA
"2560111","Viruses","Uroviricota","Caudoviricetes","","Zierdtviridae","Ceetrepovirus",NA
"2732932","Viruses","Uroviricota","Caudoviricetes","","Autographiviridae","Risjevirus",NA
"1985731","Viruses","Uroviricota","Caudoviricetes","","Autographiviridae","Stubburvirus",NA
"2560591","Viruses","Uroviricota","Caudoviricetes","","","Ilzatvirus",NA
"2560683","Viruses","Uroviricota","Caudoviricetes","","","Samunavirus",NA
"2955966","Viruses","Uroviricota","Caudoviricetes","","Casjensviridae","Gwanakrovirus",NA
"2842820","Viruses","Uroviricota","Caudoviricetes","","Straboviridae","Lazarusvirus",NA
"2844119","Viruses","Uroviricota","Caudoviricetes","","Straboviridae","Kanagawavirus",NA
"2734190","Viruses","Uroviricota","Caudoviricetes","","","Sortsnevirus",NA
"2734109","Viruses","Uroviricota","Caudoviricetes","","","Goslarvirus",NA
"2956311","Viruses","Uroviricota","Caudoviricetes","","","Phayoncevirus",NA
"2956349","Viruses","Negarnaviricota","Insthoviricetes","Articulavirales","Orthomyxoviridae","Quaranjavirus",NA
"2733937","Viruses","Uroviricota","Caudoviricetes","","Autographiviridae","Nohivirus",NA
"2733590","Viruses","Uroviricota","Caudoviricetes","","Autographiviridae","Ampunavirus",NA
"2560679","Viruses","Uroviricota","Caudoviricetes","","Autographiviridae","Pollyceevirus",NA
"2846609","Viruses","Uroviricota","Caudoviricetes","","Schitoviridae","Pacinivirus",NA
"2955919","Viruses","Uroviricota","Caudoviricetes","","","Foxunavirus",NA
"2955994","Viruses","Uroviricota","Caudoviricetes","","Casjensviridae","Jacunavirus",NA
"347328","Viruses","Uroviricota","Caudoviricetes","","Mesyanzhinovviridae","Yuavirus",NA
"2955878","Viruses","Uroviricota","Caudoviricetes","","","Fairfaxidumvirus",NA
"1982751","Viruses","Uroviricota","Caudoviricetes","","","Woesvirus",NA
"1921547","Viruses","Uroviricota","Caudoviricetes","","","Septimatrevirus",NA
"2560629","Viruses","Uroviricota","Caudoviricetes","","","Peatvirus",NA
"2734136","Viruses","Uroviricota","Caudoviricetes","","","Rosemountvirus",NA
"2560700","Viruses","Uroviricota","Caudoviricetes","","","Ripduovirus",NA
"2955413","Viruses","Uroviricota","Caudoviricetes","Kirjokansivirales","Graaviviridae","Beejeyvirus",NA
"2843366","Viruses","Uroviricota","Caudoviricetes","","","Cimandefvirus",NA
"340907","Viruses","Peploviricota","Herviviricetes","Herpesvirales","Herpesviridae","Simplexvirus",NA
"2843621","Viruses","Uroviricota","Caudoviricetes","","Schitoviridae","Pourcelvirus",NA
"2842653","Viruses","Uroviricota","Caudoviricetes","","Schitoviridae","Dongdastvirus",NA
"1982578","Viruses","Uroviricota","Caudoviricetes","","Schitoviridae","Johnsonvirus",NA
"2560802","Viruses","Uroviricota","Caudoviricetes","","","Tijeunavirus",NA
"2560492","Viruses","Uroviricota","Caudoviricetes","","","Eyrevirus",NA
"261726","Viruses","Uroviricota","Caudoviricetes","","","Hapunavirus",NA
"2733364","Viruses","Uroviricota","Caudoviricetes","","Autographiviridae","Aerosvirus",NA
"2733367","Viruses","Uroviricota","Caudoviricetes","","Autographiviridae","Aghbyvirus",NA
"2733370","Viruses","Uroviricota","Caudoviricetes","","Autographiviridae","Cronosvirus",NA
"2560508","Viruses","Uroviricota","Caudoviricetes","","","Orchidvirus",NA
"1920860","Viruses","Uroviricota","Caudoviricetes","","Drexlerviridae","Webervirus",NA
"1982229","Viruses","Uroviricota","Caudoviricetes","","","Steinhofvirus",NA
"1993859","Viruses","Uroviricota","Caudoviricetes","","Vilmaviridae","Wildcatvirus",NA
"2955979","Viruses","Uroviricota","Caudoviricetes","","Saparoviridae","Halohivirus",NA
"2844071","Viruses","Uroviricota","Caudoviricetes","","Schitoviridae","Dendoorenvirus",NA
"2956357","Viruses","Uroviricota","Caudoviricetes","","","Refugevirus",NA
"2560842","Viruses","Uroviricota","Caudoviricetes","","","Eisenstarkvirus",NA
"2955753","Viruses","Uroviricota","Caudoviricetes","","","Dexdertvirus",NA
"2842852","Viruses","Uroviricota","Caudoviricetes","","","Manuelvirus",NA
"279383","Viruses","Uroviricota","Caudoviricetes","","Mesyanzhinovviridae","Keylargovirus",NA
"2733109","Viruses","Uroviricota","Caudoviricetes","","Kyanoviridae","Leucotheavirus",NA
"2169868","Viruses","Uroviricota","Caudoviricetes","","Schitoviridae","Baltimorevirus",NA
"2734241","Viruses","Uroviricota","Caudoviricetes","","","Juiceboxvirus",NA
"2943011","Viruses","Uroviricota","Caudoviricetes","","Casjensviridae","Lavrentievavirus",NA
"1982559","Viruses","Uroviricota","Caudoviricetes","","","Smoothievirus",NA
"1982570","Viruses","Uroviricota","Caudoviricetes","","","Tinduovirus",NA
"2955860","Viruses","Uroviricota","Caudoviricetes","","Casjensviridae","Enchivirus",NA
"2733956","Viruses","Uroviricota","Caudoviricetes","","Autographiviridae","Serkorvirus",NA
"1623302","Viruses","Uroviricota","Caudoviricetes","","","Saphexavirus",NA
"2842570","Viruses","Uroviricota","Caudoviricetes","","Guelinviridae","Brucesealvirus",NA
"2955236","Viruses","Uroviricota","Caudoviricetes","","","Akiravirus",NA
"2560485","Viruses","Uroviricota","Caudoviricetes","","","Betterkatzvirus",NA
"2845481","Viruses","Uroviricota","Caudoviricetes","","","Teubervirus",NA
"1982241","Viruses","Uroviricota","Caudoviricetes","","","Nipunavirus",NA
"2955597","Viruses","Uroviricota","Caudoviricetes","","","Celiavirus",NA
"1883379","Viruses","Uroviricota","Caudoviricetes","","","Machinavirus",NA
"2956096","Viruses","Uroviricota","Caudoviricetes","","","Kunmingvirus",NA
"2733891","Viruses","Uroviricota","Caudoviricetes","","Autographiviridae","Atuphduovirus",NA
"2560202","Viruses","Uroviricota","Caudoviricetes","","Autographiviridae","Phimunavirus",NA
"2844164","Viruses","Uroviricota","Caudoviricetes","","Schitoviridae","Waedenswilvirus",NA
"2734126","Viruses","Uroviricota","Caudoviricetes","","Kyanoviridae","Nodensvirus",NA
"2956433","Viruses","Uroviricota","Caudoviricetes","","Casjensviridae","Seodaemunguvirus",NA
"2733947","Viruses","Uroviricota","Caudoviricetes","","Autographiviridae","Piedvirus",NA
"50294","Viruses","Peploviricota","Herviviricetes","Herpesvirales","Herpesviridae","Iltovirus",NA
"2733368","Viruses","Uroviricota","Caudoviricetes","","Autographiviridae","Ahphunavirus",NA
"2948926","Viruses","Uroviricota","Caudoviricetes","","","Timshelvirus",NA
"2956389","Viruses","Uroviricota","Caudoviricetes","","","Salutenavirus",NA
"2005060","Viruses","Uroviricota","Caudoviricetes","","","Cronusvirus",NA
"2734513","Viruses","Pisuviricota","Pisoniviricetes","Nidovirales","Nanhypoviridae","Sajorinivirus",NA
"2956710","Viruses","Uroviricota","Caudoviricetes","","Casjensviridae","Zhonglingvirus",NA
"2560804","Viruses","Hofneiviricota","Faserviricetes","Tubulavirales","Paulinoviridae","Thomixvirus",NA
"2731942","Viruses","Uroviricota","Caudoviricetes","","Autographiviridae","Gyeongsanvirus",NA
"1273707","Viruses","Uroviricota","Caudoviricetes","","","Hollowayvirus",NA
"2845653","Viruses","Uroviricota","Caudoviricetes","","","Indlulamithivirus",NA
"2734502","Viruses","Pisuviricota","Pisoniviricetes","Nidovirales","Olifoviridae","Kukrinivirus",NA
"2560334","Viruses","Uroviricota","Caudoviricetes","","Herelleviridae","Moonbeamvirus",NA
"10567","Viruses","Cossaviricota","Papovaviricetes","Zurhausenvirales","Papillomaviridae","Iotapapillomavirus",NA
"1507401","Viruses","Cossaviricota","Quintoviricetes","Piccovirales","Parvoviridae","Bocaparvovirus",NA
"400567","Viruses","Uroviricota","Caudoviricetes","","","Wumpquatrovirus",NA
"2575328","Viruses","Uroviricota","Caudoviricetes","","","Loughboroughvirus",NA
"1883202","Viruses","Uroviricota","Caudoviricetes","","","Dhillonvirus",NA
"2733608","Viruses","Uroviricota","Caudoviricetes","","Autographiviridae","Koutsourovirus",NA
"2733601","Viruses","Uroviricota","Caudoviricetes","","Autographiviridae","Drulisvirus",NA
"194802","Viruses","Uroviricota","Caudoviricetes","","Zobellviridae","Vipivirus",NA
"2956387","Viruses","Uroviricota","Caudoviricetes","Kirjokansivirales","Haloferuviridae","Saldibavirus",NA
"2956556","Viruses","Uroviricota","Caudoviricetes","","Schitoviridae","Triduovirus",NA
"2731621","Viruses","Uroviricota","Caudoviricetes","","Ackermannviridae","Taipeivirus",NA
"262968","Viruses","Nucleocytoviricota","Megaviricetes","Pimascovirales","Iridoviridae","Ranavirus",NA
"2011078","Viruses","Hofneiviricota","Faserviricetes","Tubulavirales","Inoviridae","Scuticavirus",NA
"2734153","Viruses","Uroviricota","Caudoviricetes","","","Wellingtonvirus",NA
"2956364","Viruses","Uroviricota","Caudoviricetes","Kirjokansivirales","Haloferuviridae","Retbasiphovirus",NA
"2560453","Viruses","Uroviricota","Caudoviricetes","","Drexlerviridae","Sertoctavirus",NA
"2956191","Viruses","Uroviricota","Caudoviricetes","","","Micavirus",NA
"2169622","Viruses","Uroviricota","Caudoviricetes","","","Unaquatrovirus",NA
