"","Kingdom","Phylum","Class","Order","Family","Genus","Species"
"9606","Eukaryota","Chordata","Mammalia","Primates","Hominidae","Homo",NA
"5761","Eukaryota","Heterolobosea","","","Vahlkampfiidae","Naegleria",NA
"1080349","Eukaryota","Ascomycota","Saccharomycetes","Saccharomycetales","Saccharomycetaceae","Saccharomyces",NA
"44689","Eukaryota","Evosea","Eumycetozoa","Dictyosteliales","Dictyosteliaceae","Dictyostelium",NA
"3708","Eukaryota","Streptophyta","Magnoliopsida","Brassicales","Brassicaceae","Brassica",NA
