"","Kingdom","Phylum","Class","Order","Family","Genus","Species"
"1094892","Viruses","Nucleocytoviricota","Megaviricetes",NA,NA,NA,NA
"1982251","Viruses","Uroviricota","Caudoviricetes",NA,NA,NA,NA
"369960","Viruses","Artverviricota","Revtraviricetes",NA,NA,NA,NA
"119164","Viruses","Pisuviricota","Pisoniviricetes",NA,NA,NA,NA
"1891726","Viruses","Cossaviricota","Papovaviricetes",NA,NA,NA,NA
"2011088","Viruses","Hofneiviricota","Faserviricetes",NA,NA,NA,NA
"2844585","Viruses","Cressdnaviricota","Repensiviricetes",NA,NA,NA,NA
"56947","Viruses","","Naldaviricetes",NA,NA,NA,NA
"1307800","Viruses","Kitrinoviricota","Flasuviricetes",NA,NA,NA,NA
"1513278","Viruses","Kitrinoviricota","Alsuviricetes",NA,NA,NA,NA
"1678905","Viruses","Duplornaviricota","Chrymotiviricetes",NA,NA,NA,NA
"2747343","Viruses","Saleviricota","Huolimaviricetes",NA,NA,NA,NA
"10376","Viruses","Peploviricota","Herviviricetes",NA,NA,NA,NA
"10279","Viruses","Nucleocytoviricota","Pokkesviricetes",NA,NA,NA,NA
"1983561","Viruses","Kitrinoviricota","Magsaviricetes",NA,NA,NA,NA
"2844158","Viruses","Negarnaviricota","Monjiviricetes",NA,NA,NA,NA
"40058","Viruses","Duplornaviricota","Resentoviricetes",NA,NA,NA,NA
"2560707","Viruses","Negarnaviricota","Ellioviricetes",NA,NA,NA,NA
"1080799","Viruses","Pisuviricota","Stelpaviricetes",NA,NA,NA,NA
"346882","Viruses","Taleaviricota","Tokiviricetes",NA,NA,NA,NA
"2050587","Viruses","Cressdnaviricota","Arfiviricetes",NA,NA,NA,NA
"2955317","Viruses","Dividoviricota","Laserviricetes",NA,NA,NA,NA
"1557034","Viruses","Preplasmiviricota","Maveriviricetes",NA,NA,NA,NA
"130309","Viruses","Preplasmiviricota","Tectiliviricetes",NA,NA,NA,NA
"2170046","Viruses","Negarnaviricota","Milneviricetes",NA,NA,NA,NA
"675060","Viruses","Pisuviricota","Duplopiviricetes",NA,NA,NA,NA
"1655646","Viruses","Phixviricota","Malgrandaviricetes",NA,NA,NA,NA
"2956583","Viruses","Lenarviricota","Howeltoviricetes",NA,NA,NA,NA
"2746926","Viruses","Cossaviricota","Quintoviricetes",NA,NA,NA,NA
"2169857","Viruses","Duplornaviricota","Vidaverviricetes",NA,NA,NA,NA
"2956349","Viruses","Negarnaviricota","Insthoviricetes",NA,NA,NA,NA
