"","Kingdom","Phylum","Class","Order","Family","Genus","Species"
"9606","Eukaryota","Chordata","Mammalia","Primates",NA,NA,NA
"13642","Eukaryota","Evosea","Eumycetozoa","Acytosteliales",NA,NA,NA
"3708","Eukaryota","Streptophyta","Magnoliopsida","Brassicales",NA,NA,NA
"1080349","Eukaryota","Ascomycota","Saccharomycetes","Saccharomycetales",NA,NA,NA
"44689","Eukaryota","Evosea","Eumycetozoa","Dictyosteliales",NA,NA,NA
"67476","Eukaryota","Bacillariophyta","Bacillariophyceae","Naviculales",NA,NA,NA
