"","Kingdom","Phylum","Class","Order","Family","Genus","Species"
"469","Bacteria","Pseudomonadota","Gammaproteobacteria","Moraxellales","Moraxellaceae",NA,NA
"316","Bacteria","Pseudomonadota","Gammaproteobacteria","Pseudomonadales","Pseudomonadaceae",NA,NA
"2742","Bacteria","Pseudomonadota","Gammaproteobacteria","Pseudomonadales","Marinobacteraceae",NA,NA
"549","Bacteria","Pseudomonadota","Gammaproteobacteria","Enterobacterales","Erwiniaceae",NA,NA
"543","Bacteria","Pseudomonadota","Gammaproteobacteria","Enterobacterales","Enterobacteriaceae",NA,NA
"613","Bacteria","Pseudomonadota","Gammaproteobacteria","Enterobacterales","Yersiniaceae",NA,NA
"584","Bacteria","Pseudomonadota","Gammaproteobacteria","Enterobacterales","Morganellaceae",NA,NA
"122277","Bacteria","Pseudomonadota","Gammaproteobacteria","Enterobacterales","Pectobacteriaceae",NA,NA
"635","Bacteria","Pseudomonadota","Gammaproteobacteria","Enterobacterales","Hafniaceae",NA,NA
"2697027","Bacteria","Pseudomonadota","Gammaproteobacteria","Enterobacterales","Bruguierivoracaceae",NA,NA
"158841","Bacteria","Pseudomonadota","Gammaproteobacteria","Enterobacterales","Budviciaceae",NA,NA
"40324","Bacteria","Pseudomonadota","Gammaproteobacteria","Xanthomonadales","Xanthomonadaceae",NA,NA
"323415","Bacteria","Pseudomonadota","Gammaproteobacteria","Xanthomonadales","Rhodanobacteraceae",NA,NA
"22","Bacteria","Pseudomonadota","Gammaproteobacteria","Alteromonadales","Shewanellaceae",NA,NA
"53246","Bacteria","Pseudomonadota","Gammaproteobacteria","Alteromonadales","Pseudoalteromonadaceae",NA,NA
"28108","Bacteria","Pseudomonadota","Gammaproteobacteria","Alteromonadales","Alteromonadaceae",NA,NA
"137584","Bacteria","Pseudomonadota","Gammaproteobacteria","Alteromonadales","Colwelliaceae",NA,NA
"44012","Bacteria","Pseudomonadota","Gammaproteobacteria","Alteromonadales","Ferrimonadaceae",NA,NA
"135577","Bacteria","Pseudomonadota","Gammaproteobacteria","Alteromonadales","Idiomarinaceae",NA,NA
"90736","Bacteria","Pseudomonadota","Gammaproteobacteria","Alteromonadales","Moritellaceae",NA,NA
"357794","Bacteria","Pseudomonadota","Gammaproteobacteria","Alteromonadales","Psychromonadaceae",NA,NA
"662","Bacteria","Pseudomonadota","Gammaproteobacteria","Vibrionales","Vibrionaceae",NA,NA
"2745","Bacteria","Pseudomonadota","Gammaproteobacteria","Oceanospirillales","Halomonadaceae",NA,NA
"2661630","Bacteria","Pseudomonadota","Gammaproteobacteria","Oceanospirillales","Oceanospirillaceae",NA,NA
"2259335","Bacteria","Pseudomonadota","Gammaproteobacteria","Oceanospirillales","Alcanivoracaceae",NA,NA
"1234143","Bacteria","Pseudomonadota","Gammaproteobacteria","Oceanospirillales","Endozoicomonadaceae",NA,NA
"1628392","Bacteria","Pseudomonadota","Gammaproteobacteria","Oceanospirillales","Hahellaceae",NA,NA
"141451","Bacteria","Pseudomonadota","Gammaproteobacteria","Oceanospirillales","Oleiphilaceae",NA,NA
"2683272","Bacteria","Pseudomonadota","Gammaproteobacteria","Oceanospirillales","Zooshikellaceae",NA,NA
"642","Bacteria","Pseudomonadota","Gammaproteobacteria","Aeromonadales","Aeromonadaceae",NA,NA
"83771","Bacteria","Pseudomonadota","Gammaproteobacteria","Aeromonadales","Succinivibrionaceae",NA,NA
"729","Bacteria","Pseudomonadota","Gammaproteobacteria","Pasteurellales","Pasteurellaceae",NA,NA
"3019969","Bacteria","Pseudomonadota","Gammaproteobacteria","Chromatiales","Chromatiaceae",NA,NA
"2182432","Bacteria","Pseudomonadota","Gammaproteobacteria","Chromatiales","Ectothiorhodospiraceae",NA,NA
"437505","Bacteria","Pseudomonadota","Gammaproteobacteria","Chromatiales","Granulosicoccaceae",NA,NA
"1972068","Bacteria","Pseudomonadota","Gammaproteobacteria","Chromatiales","Thioalkalispiraceae",NA,NA
"47960","Bacteria","Pseudomonadota","Gammaproteobacteria","Chromatiales","Thioalkalibacteraceae",NA,NA
"1579979","Bacteria","Pseudomonadota","Gammaproteobacteria","Chromatiales","Wenzhouxiangellaceae",NA,NA
"1860122","Bacteria","Pseudomonadota","Gammaproteobacteria","Chromatiales","Halothiobacillaceae",NA,NA
"2904242","Bacteria","Pseudomonadota","Gammaproteobacteria","Cellvibrionales","Microbulbiferaceae",NA,NA
"2303332","Bacteria","Pseudomonadota","Gammaproteobacteria","Cellvibrionales","Cellvibrionaceae",NA,NA
"2794344","Bacteria","Pseudomonadota","Gammaproteobacteria","Cellvibrionales","Spongiibacteraceae",NA,NA
"2708301","Bacteria","Pseudomonadota","Gammaproteobacteria","Cellvibrionales","Halieaceae",NA,NA
"2881052","Bacteria","Pseudomonadota","Gammaproteobacteria","Thiotrichales","Piscirickettsiaceae",NA,NA
"262","Bacteria","Pseudomonadota","Gammaproteobacteria","Thiotrichales","Francisellaceae",NA,NA
"2891210","Bacteria","Pseudomonadota","Gammaproteobacteria","Thiotrichales","Thiotrichaceae",NA,NA
"1760988","Bacteria","Pseudomonadota","Gammaproteobacteria","Methylococcales","Methylococcaceae",NA,NA
"446","Bacteria","Pseudomonadota","Gammaproteobacteria","Legionellales","Legionellaceae",NA,NA
"412034","Bacteria","Pseudomonadota","Gammaproteobacteria","","Celerinatantimonadaceae",NA,NA
"2718","Bacteria","Pseudomonadota","Gammaproteobacteria","Cardiobacteriales","Cardiobacteriaceae",NA,NA
"2923279","Bacteria","Pseudomonadota","Gammaproteobacteria","Cardiobacteriales","Ignatzschineriaceae",NA,NA
"1675686","Bacteria","Pseudomonadota","Gammaproteobacteria","Acidiferrobacterales","Acidiferrobacteraceae",NA,NA
"2183911","Bacteria","Pseudomonadota","Gammaproteobacteria","Salinisphaerales","Salinisphaeraceae",NA,NA
"2303331","Bacteria","Pseudomonadota","Gammaproteobacteria","Nevskiales","Sinobacteraceae",NA,NA
"465721","Bacteria","Pseudomonadota","Gammaproteobacteria","Nevskiales","Steroidobacteraceae",NA,NA
"1561924","Bacteria","Pseudomonadota","Gammaproteobacteria","Kangiellales","Kangiellaceae",NA,NA
"1196095","Bacteria","Pseudomonadota","Gammaproteobacteria","Orbales","Orbaceae",NA,NA
"1810504","Bacteria","Pseudomonadota","Gammaproteobacteria","Immundisolibacterales","Immundisolibacteraceae",NA,NA
"1335061","Bacteria","Pseudomonadota","Alphaproteobacteria","Hyphomicrobiales","Rhizobiaceae",NA,NA
"2725666","Bacteria","Pseudomonadota","Alphaproteobacteria","Hyphomicrobiales","Phyllobacteriaceae",NA,NA
"288000","Bacteria","Pseudomonadota","Alphaproteobacteria","Hyphomicrobiales","Nitrobacteraceae",NA,NA
"2906072","Bacteria","Pseudomonadota","Alphaproteobacteria","Hyphomicrobiales","Aurantimonadaceae",NA,NA
"2986924","Bacteria","Pseudomonadota","Alphaproteobacteria","Hyphomicrobiales","Brucellaceae",NA,NA
"407","Bacteria","Pseudomonadota","Alphaproteobacteria","Hyphomicrobiales","Methylobacteriaceae",NA,NA
"2774137","Bacteria","Pseudomonadota","Alphaproteobacteria","Hyphomicrobiales","Devosiaceae",NA,NA
"121719","Bacteria","Pseudomonadota","Alphaproteobacteria","Hyphomicrobiales","Stappiaceae",NA,NA
"2528964","Bacteria","Pseudomonadota","Alphaproteobacteria","Hyphomicrobiales","Xanthobacteraceae",NA,NA
"1842539","Bacteria","Pseudomonadota","Alphaproteobacteria","Hyphomicrobiales","Boseaceae",NA,NA
"674703","Bacteria","Pseudomonadota","Alphaproteobacteria","Hyphomicrobiales","Hyphomicrobiaceae",NA,NA
"1437009","Bacteria","Pseudomonadota","Alphaproteobacteria","Hyphomicrobiales","Methylocystaceae",NA,NA
"2795690","Bacteria","Pseudomonadota","Alphaproteobacteria","Hyphomicrobiales","Kaistiaceae",NA,NA
"1482074","Bacteria","Pseudomonadota","Alphaproteobacteria","Hyphomicrobiales","Pleomorphomonadaceae",NA,NA
"1940610","Bacteria","Pseudomonadota","Alphaproteobacteria","Hyphomicrobiales","Phreatobacteraceae",NA,NA
"199596","Bacteria","Pseudomonadota","Alphaproteobacteria","Hyphomicrobiales","Beijerinckiaceae",NA,NA
"2593653","Bacteria","Pseudomonadota","Alphaproteobacteria","Hyphomicrobiales","Parvibaculaceae",NA,NA
"1702325","Bacteria","Pseudomonadota","Alphaproteobacteria","Hyphomicrobiales","Chelatococcaceae",NA,NA
"2528642","Bacteria","Pseudomonadota","Alphaproteobacteria","Hyphomicrobiales","Lichenihabitantaceae",NA,NA
"773","Bacteria","Pseudomonadota","Alphaproteobacteria","Hyphomicrobiales","Bartonellaceae",NA,NA
"2304600","Bacteria","Pseudomonadota","Alphaproteobacteria","Hyphomicrobiales","Breoghaniaceae",NA,NA
"1798205","Bacteria","Pseudomonadota","Alphaproteobacteria","Hyphomicrobiales","Cohaesibacteraceae",NA,NA
"2928472","Bacteria","Pseudomonadota","Alphaproteobacteria","Hyphomicrobiales","Amorphaceae",NA,NA
"2233851","Bacteria","Pseudomonadota","Alphaproteobacteria","Hyphomicrobiales","Blastochloridaceae",NA,NA
"13690","Bacteria","Pseudomonadota","Alphaproteobacteria","Sphingomonadales","Sphingomonadaceae",NA,NA
"2067415","Bacteria","Pseudomonadota","Alphaproteobacteria","Sphingomonadales","Erythrobacteraceae",NA,NA
"1892855","Bacteria","Pseudomonadota","Alphaproteobacteria","Sphingomonadales","Sphingosinicellaceae",NA,NA
"542","Bacteria","Pseudomonadota","Alphaproteobacteria","Sphingomonadales","Zymomonadaceae",NA,NA
"41275","Bacteria","Pseudomonadota","Alphaproteobacteria","Caulobacterales","Caulobacteraceae",NA,NA
"59779","Bacteria","Pseudomonadota","Alphaproteobacteria","Rhodobacterales","Paracoccaceae",NA,NA
"1458307","Bacteria","Pseudomonadota","Alphaproteobacteria","Rhodobacterales","Roseobacteraceae",NA,NA
"193","Bacteria","Pseudomonadota","Alphaproteobacteria","Rhodospirillales","Azospirillaceae",NA,NA
"125216","Bacteria","Pseudomonadota","Alphaproteobacteria","Rhodospirillales","Acetobacteraceae",NA,NA
"2602016","Bacteria","Pseudomonadota","Alphaproteobacteria","Rhodospirillales","Rhodospirillaceae",NA,NA
"171437","Bacteria","Pseudomonadota","Alphaproteobacteria","Rhodospirillales","Geminicoccaceae",NA,NA
"1288970","Bacteria","Pseudomonadota","Alphaproteobacteria","Rhodospirillales","Thalassospiraceae",NA,NA
"94","Bacteria","Pseudomonadota","Alphaproteobacteria","Rhodospirillales","Stellaceae",NA,NA
"1862145","Bacteria","Pseudomonadota","Alphaproteobacteria","Rhodospirillales","Thalassobaculaceae",NA,NA
"2775080","Bacteria","Pseudomonadota","Alphaproteobacteria","Rhodospirillales","Kiloniellaceae",NA,NA
"2843330","Bacteria","Pseudomonadota","Alphaproteobacteria","Rhodospirillales","Elioraeaceae",NA,NA
"2560057","Bacteria","Pseudomonadota","Alphaproteobacteria","Rhodospirillales","Terasakiellaceae",NA,NA
"1873716","Bacteria","Pseudomonadota","Alphaproteobacteria","Hyphomonadales","Hyphomonadaceae",NA,NA
"234827","Bacteria","Pseudomonadota","Alphaproteobacteria","Rickettsiales","Candidatus Midichloriaceae",NA,NA
"2029849","Bacteria","Pseudomonadota","Alphaproteobacteria","Maricaulales","Maricaulaceae",NA,NA
"2950108","Bacteria","Pseudomonadota","Alphaproteobacteria","Sneathiellales","Sneathiellaceae",NA,NA
"1526572","Bacteria","Pseudomonadota","Alphaproteobacteria","Parvularculales","Parvularculaceae",NA,NA
"2582913","Bacteria","Pseudomonadota","Alphaproteobacteria","Emcibacterales","Emcibacteraceae",NA,NA
"86106","Bacteria","Pseudomonadota","Alphaproteobacteria","Holosporales","Holosporaceae",NA,NA
"1124597","Bacteria","Pseudomonadota","Alphaproteobacteria","Magnetococcales","Magnetococcaceae",NA,NA
"2861282","Bacteria","Pseudomonadota","Betaproteobacteria","Burkholderiales","Oxalobacteraceae",NA,NA
"119219","Bacteria","Pseudomonadota","Betaproteobacteria","Burkholderiales","Burkholderiaceae",NA,NA
"80864","Bacteria","Pseudomonadota","Betaproteobacteria","Burkholderiales","Comamonadaceae",NA,NA
"32002","Bacteria","Pseudomonadota","Betaproteobacteria","Burkholderiales","Alcaligenaceae",NA,NA
"391953","Bacteria","Pseudomonadota","Betaproteobacteria","Burkholderiales","Sphaerotilaceae",NA,NA
"535","Bacteria","Pseudomonadota","Betaproteobacteria","Neisseriales","Chromobacteriaceae",NA,NA
"490","Bacteria","Pseudomonadota","Betaproteobacteria","Neisseriales","Neisseriaceae",NA,NA
"85643","Bacteria","Pseudomonadota","Betaproteobacteria","Rhodocyclales","Zoogloeaceae",NA,NA
"76259","Bacteria","Pseudomonadota","Betaproteobacteria","Rhodocyclales","Azonexaceae",NA,NA
"404405","Bacteria","Pseudomonadota","Betaproteobacteria","Rhodocyclales","Rhodocyclaceae",NA,NA
"1751046","Bacteria","Pseudomonadota","Betaproteobacteria","Rhodocyclales","Fluviibacteraceae",NA,NA
"405","Bacteria","Pseudomonadota","Betaproteobacteria","Nitrosomonadales","Methylophilaceae",NA,NA
"1842540","Bacteria","Pseudomonadota","Betaproteobacteria","Nitrosomonadales","Sterolibacteriaceae",NA,NA
"2715678","Bacteria","Pseudomonadota","Betaproteobacteria","Nitrosomonadales","Sulfuricellaceae",NA,NA
"44577","Bacteria","Pseudomonadota","Betaproteobacteria","Nitrosomonadales","Nitrosomonadaceae",NA,NA
"2732067","Bacteria","Pseudomonadota","Betaproteobacteria","Nitrosomonadales","Usitatibacteraceae",NA,NA
"36861","Bacteria","Pseudomonadota","Betaproteobacteria","Nitrosomonadales","Thiobacillaceae",NA,NA
"2591109","Bacteria","Pseudomonadota","Betaproteobacteria","","Casimicrobiaceae",NA,NA
"33059","Bacteria","Pseudomonadota","Acidithiobacillia","Acidithiobacillales","Acidithiobacillaceae",NA,NA
"297","Bacteria","Pseudomonadota","Hydrogenophilia","Hydrogenophilales","Hydrogenophilaceae",NA,NA
"343874","Bacteria","Bacteroidota","Flavobacteriia","Flavobacteriales","Weeksellaceae",NA,NA
"237","Bacteria","Bacteroidota","Flavobacteriia","Flavobacteriales","Flavobacteriaceae",NA,NA
"1653831","Bacteria","Bacteroidota","Flavobacteriia","Flavobacteriales","Blattabacteriaceae",NA,NA
"253245","Bacteria","Bacteroidota","Flavobacteriia","Flavobacteriales","Schleiferiaceae",NA,NA
"242600","Bacteria","Bacteroidota","Flavobacteriia","Flavobacteriales","Ichthyobacteriaceae",NA,NA
"191579","Bacteria","Bacteroidota","Flavobacteriia","Flavobacteriales","Crocinitomicaceae",NA,NA
"2829795","Bacteria","Bacteroidota","Flavobacteriia","Flavobacteriales","Parvicellaceae",NA,NA
"2482728","Bacteria","Bacteroidota","Sphingobacteriia","Sphingobacteriales","Sphingobacteriaceae",NA,NA
"2596915","Bacteria","Bacteroidota","Cytophagia","Cytophagales","Hymenobacteraceae",NA,NA
"2909339","Bacteria","Bacteroidota","Cytophagia","Cytophagales","Spirosomaceae",NA,NA
"564064","Bacteria","Bacteroidota","Cytophagia","Cytophagales","Cytophagaceae",NA,NA
"2772483","Bacteria","Bacteroidota","Cytophagia","Cytophagales","Cyclobacteriaceae",NA,NA
"2321403","Bacteria","Bacteroidota","Cytophagia","Cytophagales","Fulvivirgaceae",NA,NA
"2494373","Bacteria","Bacteroidota","Cytophagia","Cytophagales","Flammeovirgaceae",NA,NA
"2715131","Bacteria","Bacteroidota","Cytophagia","Cytophagales","Mangrovivirgaceae",NA,NA
"1085624","Bacteria","Bacteroidota","Cytophagia","Cytophagales","Persicobacteraceae",NA,NA
"650378","Bacteria","Bacteroidota","Cytophagia","Cytophagales","Amoebophilaceae",NA,NA
"2979464","Bacteria","Bacteroidota","Cytophagia","Cytophagales","Reichenbachiellaceae",NA,NA
"999","Bacteria","Bacteroidota","Cytophagia","Cytophagales","Bernardetiaceae",NA,NA
"1006","Bacteria","Bacteroidota","Cytophagia","Cytophagales","Marivirgaceae",NA,NA
"165179","Bacteria","Bacteroidota","Bacteroidia","Bacteroidales","Prevotellaceae",NA,NA
"816","Bacteria","Bacteroidota","Bacteroidia","Bacteroidales","Bacteroidaceae",NA,NA
"328813","Bacteria","Bacteroidota","Bacteroidia","Bacteroidales","Rikenellaceae",NA,NA
"185300","Bacteria","Bacteroidota","Bacteroidia","Bacteroidales","Paludibacteraceae",NA,NA
"712435","Bacteria","Bacteroidota","Bacteroidia","Bacteroidales","Porphyromonadaceae",NA,NA
"2590900","Bacteria","Bacteroidota","Bacteroidia","Bacteroidales","Tenuifilaceae",NA,NA
"2606626","Bacteria","Bacteroidota","Bacteroidia","Bacteroidales","Muribaculaceae",NA,NA
"1501392","Bacteria","Bacteroidota","Bacteroidia","Bacteroidales","Barnesiellaceae",NA,NA
"1307839","Bacteria","Bacteroidota","Bacteroidia","Bacteroidales","Salinivirgaceae",NA,NA
"2681766","Bacteria","Bacteroidota","Bacteroidia","Marinilabiliales","Prolixibacteraceae",NA,NA
"2949635","Bacteria","Bacteroidota","Bacteroidia","Marinilabiliales","Marinilabiliaceae",NA,NA
"1717717","Bacteria","Bacteroidota","Bacteroidia","Marinilabiliales","Marinifilaceae",NA,NA
"2502779","Bacteria","Bacteroidota","Chitinophagia","Chitinophagales","Chitinophagaceae",NA,NA
"2864201","Bacteria","Bacteroidota","Saprospiria","Saprospirales","Saprospiraceae",NA,NA
"2350","Bacteria","Bacteroidota","Saprospiria","Saprospirales","Haliscomenobacteraceae",NA,NA
"2558931","Bacteria","Bacteroidota","","","Rhodothermaceae",NA,NA
"274537","Bacteria","Chlorobiota","Chlorobiia","Chlorobiales","Chlorobiaceae",NA,NA
"591197","Bacteria","Ignavibacteriota","Ignavibacteria","Ignavibacteriales","Ignavibacteriaceae",NA,NA
"1134405","Bacteria","Ignavibacteriota","Ignavibacteria","Ignavibacteriales","Melioribacteraceae",NA,NA
"861299","Bacteria","Gemmatimonadota","Gemmatimonadetes","Gemmatimonadales","Gemmatimonadaceae",NA,NA
"833","Bacteria","Fibrobacterota","Fibrobacteria","Fibrobacterales","Fibrobacteraceae",NA,NA
"44249","Bacteria","Bacillota","Bacilli","Bacillales","Paenibacillaceae",NA,NA
"2936682","Bacteria","Bacillota","Bacilli","Bacillales","Bacillaceae",NA,NA
"1280","Bacteria","Bacillota","Bacilli","Bacillales","Staphylococcaceae",NA,NA
"2939494","Bacteria","Bacillota","Bacilli","Bacillales","Planococcaceae",NA,NA
"2756","Bacteria","Bacillota","Bacilli","Bacillales","Listeriaceae",NA,NA
"405212","Bacteria","Bacillota","Bacilli","Bacillales","Alicyclobacillaceae",NA,NA
"2026","Bacteria","Bacillota","Bacilli","Bacillales","Thermoactinomycetaceae",NA,NA
"269673","Bacteria","Bacillota","Bacilli","Bacillales","Sporolactobacillaceae",NA,NA
"51665","Bacteria","Bacillota","Bacilli","Lactobacillales","Aerococcaceae",NA,NA
"1350","Bacteria","Bacillota","Bacilli","Lactobacillales","Enterococcaceae",NA,NA
"28037","Bacteria","Bacillota","Bacilli","Lactobacillales","Streptococcaceae",NA,NA
"1246","Bacteria","Bacillota","Bacilli","Lactobacillales","Lactobacillaceae",NA,NA
"46124","Bacteria","Bacillota","Bacilli","Lactobacillales","Carnobacteriaceae",NA,NA
"36845","Bacteria","Bacillota","Clostridia","Eubacteriales","Clostridiaceae",NA,NA
"29370","Bacteria","Bacillota","Clostridia","Eubacteriales","Lachnospiraceae",NA,NA
"853","Bacteria","Bacillota","Clostridia","Eubacteriales","Oscillospiraceae",NA,NA
"1505","Bacteria","Bacillota","Clostridia","Eubacteriales","Peptostreptococcaceae",NA,NA
"114527","Bacteria","Bacillota","Clostridia","Eubacteriales","Eubacteriales Family XIII. Incertae Sedis",NA,NA
"2546351","Bacteria","Bacillota","Clostridia","Eubacteriales","Clostridiales Family XVII. Incertae Sedis",NA,NA
"39496","Bacteria","Bacillota","Clostridia","Eubacteriales","Eubacteriaceae",NA,NA
"1564","Bacteria","Bacillota","Clostridia","Eubacteriales","Peptococcaceae",NA,NA
"1185412","Bacteria","Bacillota","Clostridia","Eubacteriales","Vallitaleaceae",NA,NA
"698776","Bacteria","Bacillota","Clostridia","Eubacteriales","Cellulosilyticaceae",NA,NA
"2293317","Bacteria","Bacillota","Clostridia","Eubacteriales","Syntrophomonadaceae",NA,NA
"35701","Bacteria","Bacillota","Clostridia","Eubacteriales","Heliobacteriaceae",NA,NA
"102134","Bacteria","Bacillota","Clostridia","Eubacteriales","Desulfallaceae",NA,NA
"2731377","Bacteria","Bacillota","Clostridia","Eubacteriales","Proteinivoraceae",NA,NA
"863643","Bacteria","Bacillota","Clostridia","Eubacteriales","Thermincolaceae",NA,NA
"1517","Bacteria","Bacillota","Clostridia","Thermoanaerobacterales","Thermoanaerobacterales Family III. Incertae Sedis",NA,NA
"1754","Bacteria","Bacillota","Clostridia","Thermoanaerobacterales","Thermoanaerobacteraceae",NA,NA
"2528593","Bacteria","Bacillota","Clostridia","Thermoanaerobacterales","Zhaonellaceae",NA,NA
"2682810","Bacteria","Bacillota","Clostridia","Halanaerobiales","Halanaerobiaceae",NA,NA
"42422","Bacteria","Bacillota","Clostridia","Halanaerobiales","Halobacteroidaceae",NA,NA
"375929","Bacteria","Bacillota","Clostridia","Natranaerobiales","Natranaerobiaceae",NA,NA
"291990","Bacteria","Bacillota","Clostridia","Thermosediminibacterales","Thermosediminibacteraceae",NA,NA
"1982626","Bacteria","Bacillota","Erysipelotrichia","Erysipelotrichales","Erysipelotrichaceae",NA,NA
"100886","Bacteria","Bacillota","Erysipelotrichia","Erysipelotrichales","Coprobacillaceae",NA,NA
"191303","Bacteria","Bacillota","Erysipelotrichia","Erysipelotrichales","Turicibacteraceae",NA,NA
"365349","Bacteria","Bacillota","Negativicutes","Selenomonadales","Sporomusaceae",NA,NA
"437897","Bacteria","Bacillota","Negativicutes","Selenomonadales","Selenomonadaceae",NA,NA
"29466","Bacteria","Bacillota","Negativicutes","Veillonellales","Veillonellaceae",NA,NA
"33025","Bacteria","Bacillota","Negativicutes","Acidaminococcales","Acidaminococcaceae",NA,NA
"1260","Bacteria","Bacillota","Tissierellia","Tissierellales","Peptoniphilaceae",NA,NA
"1556","Bacteria","Bacillota","Tissierellia","Tissierellales","Gottschalkiaceae",NA,NA
"45497","Bacteria","Bacillota","Tissierellia","Tissierellales","Tepidimicrobiaceae",NA,NA
"1582259","Bacteria","Bacillota","Tissierellia","Tissierellales","Tissierellaceae",NA,NA
"116090","Bacteria","Bacillota","Tissierellia","Tissierellales","Thermohalobacteraceae",NA,NA
"33882","Bacteria","Actinomycetota","Actinomycetes","Micrococcales","Microbacteriaceae",NA,NA
"2591145","Bacteria","Actinomycetota","Actinomycetes","Micrococcales","Cellulomonadaceae",NA,NA
"1270","Bacteria","Actinomycetota","Actinomycetes","Micrococcales","Micrococcaceae",NA,NA
"2714931","Bacteria","Actinomycetota","Actinomycetes","Micrococcales","Sanguibacteraceae",NA,NA
"1710","Bacteria","Actinomycetota","Actinomycetes","Micrococcales","Promicromonosporaceae",NA,NA
"262209","Bacteria","Actinomycetota","Actinomycetes","Micrococcales","Intrasporangiaceae",NA,NA
"2575923","Bacteria","Actinomycetota","Actinomycetes","Micrococcales","Brevibacteriaceae",NA,NA
"556288","Bacteria","Actinomycetota","Actinomycetes","Micrococcales","Dermabacteraceae",NA,NA
"2917725","Bacteria","Actinomycetota","Actinomycetes","Micrococcales","Bogoriellaceae",NA,NA
"1288636","Bacteria","Actinomycetota","Actinomycetes","Micrococcales","Ornithinimicrobiaceae",NA,NA
"2675754","Bacteria","Actinomycetota","Actinomycetes","Micrococcales","Ruaniaceae",NA,NA
"1274","Bacteria","Actinomycetota","Actinomycetes","Micrococcales","Dermacoccaceae",NA,NA
"2716227","Bacteria","Actinomycetota","Actinomycetes","Micrococcales","Dermatophilaceae",NA,NA
"2171623","Bacteria","Actinomycetota","Actinomycetes","Micrococcales","Beutenbergiaceae",NA,NA
"2881056","Bacteria","Actinomycetota","Actinomycetes","Micrococcales","Demequinaceae",NA,NA
"1276","Bacteria","Actinomycetota","Actinomycetes","Micrococcales","Kytococcaceae",NA,NA
"43674","Bacteria","Actinomycetota","Actinomycetes","Micrococcales","Jonesiaceae",NA,NA
"1883","Bacteria","Actinomycetota","Actinomycetes","Kitasatosporales","Streptomycetaceae",NA,NA
"126673","Bacteria","Actinomycetota","Actinomycetes","Mycobacteriales","Mycobacteriaceae",NA,NA
"1827","Bacteria","Actinomycetota","Actinomycetes","Mycobacteriales","Nocardiaceae",NA,NA
"38304","Bacteria","Actinomycetota","Actinomycetes","Mycobacteriales","Corynebacteriaceae",NA,NA
"2053","Bacteria","Actinomycetota","Actinomycetes","Mycobacteriales","Gordoniaceae",NA,NA
"57704","Bacteria","Actinomycetota","Actinomycetes","Mycobacteriales","Tsukamurellaceae",NA,NA
"322509","Bacteria","Actinomycetota","Actinomycetes","Mycobacteriales","Dietziaceae",NA,NA
"286802","Bacteria","Actinomycetota","Actinomycetes","Mycobacteriales","Segniliparaceae",NA,NA
"2070","Bacteria","Actinomycetota","Actinomycetes","Pseudonocardiales","Pseudonocardiaceae",NA,NA
"546871","Bacteria","Actinomycetota","Actinomycetes","Propionibacteriales","Nocardioidaceae",NA,NA
"1747","Bacteria","Actinomycetota","Actinomycetes","Propionibacteriales","Propionibacteriaceae",NA,NA
"182640","Bacteria","Actinomycetota","Actinomycetes","Propionibacteriales","Kribbellaceae",NA,NA
"117157","Bacteria","Actinomycetota","Actinomycetes","Propionibacteriales","Actinopolymorphaceae",NA,NA
"1873","Bacteria","Actinomycetota","Actinomycetes","Micromonosporales","Micromonosporaceae",NA,NA
"1909395","Bacteria","Actinomycetota","Actinomycetes","Streptosporangiales","Streptosporangiaceae",NA,NA
"46165","Bacteria","Actinomycetota","Actinomycetes","Streptosporangiales","Thermomonosporaceae",NA,NA
"1323731","Bacteria","Actinomycetota","Actinomycetes","Streptosporangiales","Nocardiopsaceae",NA,NA
"544580","Bacteria","Actinomycetota","Actinomycetes","Actinomycetales","Actinomycetaceae",NA,NA
"2851567","Bacteria","Actinomycetota","Actinomycetes","Geodermatophilales","Geodermatophilaceae",NA,NA
"1798224","Bacteria","Actinomycetota","Actinomycetes","Jiangellales","Jiangellaceae",NA,NA
"298654","Bacteria","Actinomycetota","Actinomycetes","Frankiales","Frankiaceae",NA,NA
"53461","Bacteria","Actinomycetota","Actinomycetes","Nakamurellales","Nakamurellaceae",NA,NA
"2944128","Bacteria","Actinomycetota","Actinomycetes","Jatrophihabitantales","Jatrophihabitantaceae",NA,NA
"304895","Bacteria","Actinomycetota","Actinomycetes","Catenulisporales","Catenulisporaceae",NA,NA
"414996","Bacteria","Actinomycetota","Actinomycetes","Actinopolysporales","Actinopolysporaceae",NA,NA
"283811","Bacteria","Actinomycetota","Actinomycetes","Glycomycetales","Glycomycetaceae",NA,NA
"1891644","Bacteria","Actinomycetota","Actinomycetes","Sporichthyales","Sporichthyaceae",NA,NA
"28049","Bacteria","Actinomycetota","Actinomycetes","Acidothermales","Acidothermaceae",NA,NA
"131568","Bacteria","Actinomycetota","Actinomycetes","Kineosporiales","Kineosporiaceae",NA,NA
"1382","Bacteria","Actinomycetota","Coriobacteriia","Coriobacteriales","Atopobiaceae",NA,NA
"74426","Bacteria","Actinomycetota","Coriobacteriia","Coriobacteriales","Coriobacteriaceae",NA,NA
"191495","Bacteria","Actinomycetota","Thermoleophilia","Solirubrobacterales","Conexibacteraceae",NA,NA
"2884022","Bacteria","Actinomycetota","Thermoleophilia","Solirubrobacterales","Capillimicrobiaceae",NA,NA
"2949664","Bacteria","Actinomycetota","Thermoleophilia","Solirubrobacterales","Paraconexibacteraceae",NA,NA
"29539","Bacteria","Actinomycetota","Thermoleophilia","Thermoleophilales","Thermoleophilaceae",NA,NA
"2843216","Bacteria","Actinomycetota","Thermoleophilia","Miltoncostaeales","Miltoncostaeaceae",NA,NA
"49319","Bacteria","Actinomycetota","Rubrobacteria","Rubrobacterales","Rubrobacteraceae",NA,NA
"2997333","Bacteria","Actinomycetota","Rubrobacteria","Rubrobacterales","Baekduiaceae",NA,NA
"2722752","Bacteria","Actinomycetota","Acidimicrobiia","Acidimicrobiales","Iamiaceae",NA,NA
"467094","Bacteria","Actinomycetota","Acidimicrobiia","Acidimicrobiales","Ilumatobacteraceae",NA,NA
"53635","Bacteria","Actinomycetota","Acidimicrobiia","Acidimicrobiales","Acidimicrobiaceae",NA,NA
"1670831","Bacteria","Actinomycetota","Nitriliruptoria","Egibacterales","Egibacteraceae",NA,NA
"1608957","Bacteria","Actinomycetota","Nitriliruptoria","Euzebyales","Euzebyaceae",NA,NA
"1670830","Bacteria","Actinomycetota","Nitriliruptoria","Egicoccales","Egicoccaceae",NA,NA
"1177","Bacteria","Cyanobacteriota","Cyanophyceae","Nostocales","Nostocaceae",NA,NA
"2853227","Bacteria","Cyanobacteriota","Cyanophyceae","Nostocales","Calotrichaceae",NA,NA
"1397703","Bacteria","Cyanobacteriota","Cyanophyceae","Nostocales","Scytonemataceae",NA,NA
"2099387","Bacteria","Cyanobacteriota","Cyanophyceae","Nostocales","Tolypothrichaceae",NA,NA
"984207","Bacteria","Cyanobacteriota","Cyanophyceae","Nostocales","Aphanizomenonaceae",NA,NA
"373994","Bacteria","Cyanobacteriota","Cyanophyceae","Nostocales","Rivulariaceae",NA,NA
"2005456","Bacteria","Cyanobacteriota","Cyanophyceae","Nostocales","Hapalosiphonaceae",NA,NA
"2005460","Bacteria","Cyanobacteriota","Cyanophyceae","Chroococcales","Chroococcaceae",NA,NA
"379064","Bacteria","Cyanobacteriota","Cyanophyceae","Chroococcales","Geminocystaceae",NA,NA
"119532","Bacteria","Cyanobacteriota","Cyanophyceae","Oscillatoriales","Microcoleaceae",NA,NA
"482564","Bacteria","Cyanobacteriota","Cyanophyceae","Oscillatoriales","Oscillatoriaceae",NA,NA
"2886352","Bacteria","Cyanobacteriota","Cyanophyceae","Oscillatoriales","Coleofasciculaceae",NA,NA
"241425","Bacteria","Cyanobacteriota","Cyanophyceae","Oscillatoriales","Gomontiellaceae",NA,NA
"1219","Bacteria","Cyanobacteriota","Cyanophyceae","Synechococcales","Prochlorococcaceae",NA,NA
"155978","Bacteria","Cyanobacteriota","Cyanophyceae","Synechococcales","Acaryochloridaceae",NA,NA
"1173032","Bacteria","Cyanobacteriota","Cyanophyceae","Synechococcales","Chamaesiphonaceae",NA,NA
"2303528","Bacteria","Cyanobacteriota","Cyanophyceae","Pseudanabaenales","Oculatellaceae",NA,NA
"1209493","Bacteria","Cyanobacteriota","Cyanophyceae","Pseudanabaenales","Prochlorotrichaceae",NA,NA
"1416614","Bacteria","Cyanobacteriota","Cyanophyceae","Gloeobacterales","Gloeobacteraceae",NA,NA
"102116","Bacteria","Cyanobacteriota","Cyanophyceae","Pleurocapsales","Dermocarpellaceae",NA,NA
"1188228","Bacteria","Cyanobacteriota","Cyanophyceae","Gloeomargaritales","Gloeomargaritaceae",NA,NA
"2132","Bacteria","Mycoplasmatota","Mollicutes","Entomoplasmatales","Spiroplasmataceae",NA,NA
"2116","Bacteria","Mycoplasmatota","","Mycoplasmoidales","Mycoplasmoidaceae",NA,NA
"2782163","Bacteria","Mycoplasmatota","Candidatus Izimaplasma","Candidatus Izemoplasmatales","Candidatus Izemoplasmataceae",NA,NA
"980427","Bacteria","Deinococcota","Deinococci","Deinococcales","Deinococcaceae",NA,NA
"270","Bacteria","Deinococcota","Deinococci","Thermales","Thermaceae",NA,NA
"332249","Bacteria","Deinococcota","Deinococci","Trueperales","Trueperaceae",NA,NA
"133453","Bacteria","Chloroflexota","Caldilineae","Caldilineales","Caldilineaceae",NA,NA
"3004094","Bacteria","Chloroflexota","Tepidiformia","Tepidiformales","Tepidiformaceae",NA,NA
"120962","Bacteria","Chloroflexota","Chloroflexia","Chloroflexales","Roseiflexaceae",NA,NA
"1108","Bacteria","Chloroflexota","Chloroflexia","Chloroflexales","Chloroflexaceae",NA,NA
"2509675","Bacteria","Chloroflexota","Ktedonobacteria","Ktedonobacterales","Ktedonosporobacteraceae",NA,NA
"1806508","Bacteria","Chloroflexota","Ardenticatenia","Ardenticatenales","Ardenticatenaceae",NA,NA
"167964","Bacteria","Chloroflexota","Anaerolineae","Anaerolineales","Anaerolineaceae",NA,NA
"2057","Bacteria","Thermomicrobiota","Thermomicrobia","Sphaerobacterales","Sphaerobacteraceae",NA,NA
"500","Bacteria","Thermomicrobiota","Thermomicrobia","Thermomicrobiales","Thermomicrobiaceae",NA,NA
"1005039","Bacteria","Armatimonadota","Fimbriimonadia","Fimbriimonadales","Fimbriimonadaceae",NA,NA
"199","Bacteria","Campylobacterota","Epsilonproteobacteria","Campylobacterales","Campylobacteraceae",NA,NA
"210","Bacteria","Campylobacterota","Epsilonproteobacteria","Campylobacterales","Helicobacteraceae",NA,NA
"269261","Bacteria","Campylobacterota","Epsilonproteobacteria","Campylobacterales","Sulfurovaceae",NA,NA
"1854492","Bacteria","Campylobacterota","Epsilonproteobacteria","Campylobacterales","Sulfurospirillaceae",NA,NA
"2740515","Bacteria","Campylobacterota","Epsilonproteobacteria","Campylobacterales","Hydrogenimonaceae",NA,NA
"2706014","Bacteria","Campylobacterota","Epsilonproteobacteria","Nautiliales","Nitratiruptoraceae",NA,NA
"84405","Bacteria","Campylobacterota","Desulfurellia","Desulfurellales","Desulfurellaceae",NA,NA
"2528010","Bacteria","Planctomycetota","Planctomycetia","Pirellulales","Pirellulaceae",NA,NA
"1331910","Bacteria","Planctomycetota","Planctomycetia","Pirellulales","Thermoguttaceae",NA,NA
"1636152","Bacteria","Planctomycetota","Planctomycetia","Planctomycetales","Planctomycetaceae",NA,NA
"2528023","Bacteria","Planctomycetota","Planctomycetia","Gemmatales","Gemmataceae",NA,NA
"2527974","Bacteria","Planctomycetota","Planctomycetia","Isosphaerales","Isosphaeraceae",NA,NA
"547188","Bacteria","Planctomycetota","Phycisphaerae","Phycisphaerales","Phycisphaeraceae",NA,NA
"2807512","Bacteria","Planctomycetota","Phycisphaerae","Tepidisphaerales","Tepidisphaeraceae",NA,NA
"1851148","Bacteria","Planctomycetota","Phycisphaerae","Sedimentisphaerales","Sedimentisphaeraceae",NA,NA
"174633","Bacteria","Planctomycetota","Candidatus Brocadiia","Candidatus Brocadiales","Candidatus Brocadiaceae",NA,NA
"2995170","Bacteria","Verrucomicrobiota","Verrucomicrobiae","Verrucomicrobiales","Verrucomicrobiaceae",NA,NA
"239935","Bacteria","Verrucomicrobiota","Verrucomicrobiae","Verrucomicrobiales","Akkermansiaceae",NA,NA
"1882749","Bacteria","Verrucomicrobiota","Opitutae","Opitutales","Opitutaceae",NA,NA
"2866311","Bacteria","Verrucomicrobiota","Opitutae","Puniceicoccales","Puniceicoccaceae",NA,NA
"225148","Bacteria","Chlamydiota","Chlamydiia","Parachlamydiales","Rhabdochlamydiaceae",NA,NA
"1307763","Bacteria","Kiritimatiellota","Kiritimatiellia","Kiritimatiellales","Kiritimatiellaceae",NA,NA
"56","Bacteria","Myxococcota","Myxococcia","Polyangiales","Polyangiaceae",NA,NA
"1391654","Bacteria","Myxococcota","Myxococcia","Polyangiales","Labilitrichaceae",NA,NA
"927083","Bacteria","Myxococcota","Myxococcia","Polyangiales","Sandaracinaceae",NA,NA
"2995304","Bacteria","Myxococcota","Myxococcia","Nannocystales","Nannocystaceae",NA,NA
"80816","Bacteria","Myxococcota","Myxococcia","Haliangiales","Kofleriaceae",NA,NA
"2813578","Bacteria","Myxococcota","Myxococcia","Myxococcales","Myxococcaceae",NA,NA
"83451","Bacteria","Myxococcota","Myxococcia","Myxococcales","Archangiaceae",NA,NA
"2918170","Bacteria","Myxococcota","Myxococcia","Myxococcales","Anaeromyxobacteraceae",NA,NA
"1391653","Bacteria","Myxococcota","Myxococcia","Myxococcales","Vulgatibacteraceae",NA,NA
"876","Bacteria","Thermodesulfobacteriota","Desulfovibrionia","Desulfovibrionales","Desulfovibrionaceae",NA,NA
"132132","Bacteria","Thermodesulfobacteriota","Desulfovibrionia","Desulfovibrionales","Desulfomicrobiaceae",NA,NA
"45663","Bacteria","Thermodesulfobacteriota","Desulfovibrionia","Desulfovibrionales","Desulfohalobiaceae",NA,NA
"29542","Bacteria","Thermodesulfobacteriota","Desulfuromonadia","Desulfuromonadales","Syntrophotaleaceae",NA,NA
"2802975","Bacteria","Thermodesulfobacteriota","Desulfuromonadia","Desulfuromonadales","Desulfuromonadaceae",NA,NA
"35554","Bacteria","Thermodesulfobacteriota","Desulfuromonadia","Geobacterales","Geobacteraceae",NA,NA
"894","Bacteria","Thermodesulfobacteriota","Desulfobulbia","Desulfobulbales","Desulfobulbaceae",NA,NA
"2569541","Bacteria","Thermodesulfobacteriota","Desulfobulbia","Desulfobulbales","Desulfocapsaceae",NA,NA
"83564","Bacteria","Thermodesulfobacteriota","Desulfobacteria","Desulfobacterales","Desulfosarcinaceae",NA,NA
"218208","Bacteria","Thermodesulfobacteriota","Desulfobacteria","Desulfobacterales","Desulfatibacillaceae",NA,NA
"45655","Bacteria","Thermodesulfobacteriota","Desulfobacteria","Desulfobacterales","Desulfococcaceae",NA,NA
"1295609","Bacteria","Thermodesulfobacteriota","Thermodesulfobacteria","Thermodesulfobacteriales","Thermodesulfobacteriaceae",NA,NA
"171695","Bacteria","Thermodesulfobacteriota","Thermodesulfobacteria","Thermodesulfobacteriales","Thermodesulfatatoraceae",NA,NA
"119484","Bacteria","Thermodesulfobacteriota","Syntrophobacteria","Syntrophobacterales","Syntrophobacteraceae",NA,NA
"1621989","Bacteria","Thermodesulfobacteriota","Candidatus Desulfofervidia","Candidatus Desulfofervidales","Candidatus Desulfofervidaceae",NA,NA
"138","Bacteria","Spirochaetota","Spirochaetia","Spirochaetales","Borreliaceae",NA,NA
"158","Bacteria","Spirochaetota","Spirochaetia","Spirochaetales","Treponemataceae",NA,NA
"154","Bacteria","Spirochaetota","Spirochaetia","Spirochaetales","Spirochaetaceae",NA,NA
"1131707","Bacteria","Spirochaetota","Spirochaetia","Spirochaetales","Sphaerochaetaceae",NA,NA
"2798577","Bacteria","Spirochaetota","Spirochaetia","Spirochaetales","Breznakiellaceae",NA,NA
"52584","Bacteria","Spirochaetota","Spirochaetia","Brachyspirales","Brachyspiraceae",NA,NA
"2828656","Bacteria","Spirochaetota","Spirochaetia","Brevinematales","Thermospiraceae",NA,NA
"2335","Bacteria","Thermotogota","Thermotogae","Thermotogales","Thermotogaceae",NA,NA
"2984951","Bacteria","Thermotogota","Thermotogae","Petrotogales","Petrotogaceae",NA,NA
"1236046","Bacteria","Thermotogota","Thermotogae","Kosmotogales","Kosmotogaceae",NA,NA
"851","Bacteria","Fusobacteriota","Fusobacteriia","Fusobacteriales","Fusobacteriaceae",NA,NA
"157687","Bacteria","Fusobacteriota","Fusobacteriia","Fusobacteriales","Leptotrichiaceae",NA,NA
"392734","Bacteria","Acidobacteriota","Terriglobia","Terriglobales","Acidobacteriaceae",NA,NA
"2818388","Bacteria","Acidobacteriota","Holophagae","Acanthopleuribacterales","Acanthopleuribacteraceae",NA,NA
"981385","Bacteria","Acidobacteriota","Holophagae","Thermotomaculales","Thermotomaculaceae",NA,NA
"2802971","Bacteria","Acidobacteriota","Vicinamibacteria","Vicinamibacterales","Vicinamibacteraceae",NA,NA
"651822","Bacteria","Synergistota","Synergistia","Synergistales","Aminobacteriaceae",NA,NA
"638849","Bacteria","Synergistota","Synergistia","Synergistales","Dethiosulfovibrionaceae",NA,NA
"3029084","Bacteria","Synergistota","Synergistia","Synergistales","Aminithiophilaceae",NA,NA
"1197717","Bacteria","Synergistota","Synergistia","Synergistales","Synergistaceae",NA,NA
"959","Bacteria","Bdellovibrionota","Bdellovibrionia","Bdellovibrionales","Pseudobdellovibrionaceae",NA,NA
"2493639","Bacteria","Bdellovibrionota","Oligoflexia","Silvanigrellales","Silvanigrellaceae",NA,NA
"960","Bacteria","Bdellovibrionota","Bacteriovoracia","Bacteriovoracales","Bacteriovoracaceae",NA,NA
"2292766","Bacteria","","Deltaproteobacteria","Bradymonadales","Bradymonadaceae",NA,NA
"2600177","Bacteria","","Deltaproteobacteria","Bradymonadales","Microvenatoraceae",NA,NA
"673862","Bacteria","","Candidatus Babeliae","Candidatus Babeliales","Candidatus Babeliaceae",NA,NA
"42253","Bacteria","Nitrospirota","Nitrospiria","Nitrospirales","Nitrospiraceae",NA,NA
"28262","Bacteria","Nitrospirota","Thermodesulfovibrionia","Thermodesulfovibrionales","Thermodesulfovibrionaceae",NA,NA
"477976","Bacteria","Deferribacterota","Deferribacteres","Deferribacterales","Calditerrivibrionaceae",NA,NA
"197162","Bacteria","Deferribacterota","Deferribacteres","Deferribacterales","Deferribacteraceae",NA,NA
"139438","Bacteria","Deferribacterota","Deferribacteres","Deferribacterales","Geovibrionaceae",NA,NA
"14","Bacteria","Dictyoglomota","Dictyoglomia","Dictyoglomales","Dictyoglomaceae",NA,NA
"693075","Bacteria","Caldisericota","Caldisericia","Caldisericales","Caldisericaceae",NA,NA
"1408281","Bacteria","Elusimicrobiota","Endomicrobiia","Endomicrobiales","Endomicrobiaceae",NA,NA
"9606","Eukaryota","Chordata","Mammalia","Primates","Hominidae",NA,NA
"2878391","Archaea","Euryarchaeota","Halobacteria","Halobacteriales","Haloarculaceae",NA,NA
"2961599","Archaea","Euryarchaeota","Halobacteria","Halobacteriales","Halobacteriaceae",NA,NA
"1333523","Archaea","Euryarchaeota","Halobacteria","Halobacteriales","Natronoarchaeaceae",NA,NA
"179637","Archaea","Euryarchaeota","Halobacteria","Halobacteriales","Halococcaceae",NA,NA
"2743089","Archaea","Euryarchaeota","Halobacteria","Haloferacales","Halorubraceae",NA,NA
"1547898","Archaea","Euryarchaeota","Halobacteria","Haloferacales","Haloferacaceae",NA,NA
"1644061","Archaea","Euryarchaeota","Halobacteria","Natrialbales","Natrialbaceae",NA,NA
"2208","Archaea","Euryarchaeota","Methanomicrobia","Methanosarcinales","Methanosarcinaceae",NA,NA
"475088","Archaea","Euryarchaeota","Methanomicrobia","Methanomicrobiales","Methanoregulaceae",NA,NA
"83984","Archaea","Euryarchaeota","Methanomicrobia","Methanomicrobiales","Methanocorpusculaceae",NA,NA
"2263","Archaea","Euryarchaeota","Thermococci","Thermococcales","Thermococcaceae",NA,NA
"2173","Archaea","Euryarchaeota","Methanobacteria","Methanobacteriales","Methanobacteriaceae",NA,NA
"39152","Archaea","Euryarchaeota","Methanococci","Methanococcales","Methanococcaceae",NA,NA
"2546128","Archaea","Euryarchaeota","Methanococci","Methanococcales","Methanocaldococcaceae",NA,NA
"41673","Archaea","Thermoproteota","Thermoprotei","Sulfolobales","Sulfolobaceae",NA,NA
"1353260","Archaea","Nitrososphaerota","Nitrososphaeria","Nitrososphaerales","Nitrososphaeraceae",NA,NA
"50339","Archaea","Candidatus Thermoplasmatota","Thermoplasmata","Thermoplasmatales","Thermoplasmataceae",NA,NA
"1673428","Archaea","Candidatus Thermoplasmatota","Thermoplasmata","Thermoplasmatales","Cuniculiplasmataceae",NA,NA
"1291540","Archaea","Candidatus Thermoplasmatota","Thermoplasmata","Methanomassiliicoccales","Candidatus Methanomethylophilaceae",NA,NA
"2586965","Archaea","Nanoarchaeota","Nanobdellia","Nanobdellales","Nanobdellaceae",NA,NA
"2956387","Viruses","Uroviricota","Caudoviricetes","Kirjokansivirales","Haloferuviridae",NA,NA
"592206","Viruses","Kitrinoviricota","Alsuviricetes","Tymovirales","Betaflexiviridae",NA,NA
"712710","Bacteria","Bacteroidota","Bacteroidia","Bacteroidales","Tannerellaceae",NA,NA
"2714926","Bacteria","Bacteroidota","Bacteroidia","Bacteroidales","Dysgonomonadaceae",NA,NA
"28118","Bacteria","Bacteroidota","Bacteroidia","Bacteroidales","Odoribacteraceae",NA,NA
"100716","Bacteria","Chlorobiota","Chlorobiia","Chlorobiales","Chloroherpetonaceae",NA,NA
"1457365","Bacteria","Balneolota","Balneolia","Balneolales","Cyclonatronaceae",NA,NA
"2732593","Bacteria","Pseudomonadota","Alphaproteobacteria","Rickettsiales","Anaplasmataceae",NA,NA
"2761623","Bacteria","Pseudomonadota","Alphaproteobacteria","Rickettsiales","Rickettsiaceae",NA,NA
"2161677","Bacteria","Pseudomonadota","Alphaproteobacteria","Kordiimonadales","Kordiimonadaceae",NA,NA
"1388755","Bacteria","Pseudomonadota","Alphaproteobacteria","Pelagibacterales","Pelagibacteraceae",NA,NA
"1509244","Bacteria","Pseudomonadota","Alphaproteobacteria","Holosporales","Caedimonadaceae",NA,NA
"91604","Bacteria","Pseudomonadota","Alphaproteobacteria","Holosporales","Candidatus Paracaedibacteraceae",NA,NA
"2161747","Bacteria","Pseudomonadota","Gammaproteobacteria","Oceanospirillales","Saccharospirillaceae",NA,NA
"418701","Bacteria","Pseudomonadota","Gammaproteobacteria","Oceanospirillales","Litorivicinaceae",NA,NA
"1548547","Bacteria","Pseudomonadota","Gammaproteobacteria","Chromatiales","Woeseiaceae",NA,NA
"40545","Bacteria","Pseudomonadota","Betaproteobacteria","Burkholderiales","Sutterellaceae",NA,NA
"1682490","Bacteria","Pseudomonadota","Betaproteobacteria","Nitrosomonadales","Gallionellaceae",NA,NA
"416213","Bacteria","Pseudomonadota","Betaproteobacteria","Ferrovales","Ferrovaceae",NA,NA
"1921086","Bacteria","Pseudomonadota","Zetaproteobacteria","Mariprofundales","Mariprofundaceae",NA,NA
"2702","Bacteria","Actinomycetota","Actinomycetes","Bifidobacteriales","Bifidobacteriaceae",NA,NA
"84112","Bacteria","Actinomycetota","Coriobacteriia","Eggerthellales","Eggerthellaceae",NA,NA
"2866627","Bacteria","Bacillota","Bacilli","Bacillales","Bacillales Family X. Incertae Sedis",NA,NA
"49338","Bacteria","Bacillota","Clostridia","Eubacteriales","Desulfitobacteriaceae",NA,NA
"178899","Bacteria","Bacillota","Clostridia","Eubacteriales","Clostridiales Family XVI. Incertae Sedis",NA,NA
"671077","Bacteria","Bacillota","Clostridia","Eubacteriales","Symbiobacteriaceae",NA,NA
"252966","Bacteria","Bacillota","Clostridia","Thermoanaerobacterales","Thermoanaerobacterales Family IV. Incertae Sedis",NA,NA
"2742683","Bacteria","Bacillota","Clostridia","Natranaerobiales","Natranaerofabaceae",NA,NA
"2507161","Bacteria","Bacillota","Tissierellia","Tissierellales","Acidilutibacteraceae",NA,NA
"1555112","Bacteria","Bacillota","Limnochordia","Limnochordales","Limnochordaceae",NA,NA
"577489","Bacteria","Cyanobacteriota","Cyanophyceae","Chroococcales","Aphanothecaceae",NA,NA
"1126","Bacteria","Cyanobacteriota","Cyanophyceae","Chroococcales","Microcystaceae",NA,NA
"1353136","Bacteria","Cyanobacteriota","Cyanophyceae","Synechococcales","Synechococcaceae",NA,NA
"1752064","Bacteria","Cyanobacteriota","Cyanophyceae","Pseudanabaenales","Leptolyngbyaceae",NA,NA
"82654","Bacteria","Cyanobacteriota","Cyanophyceae","Pseudanabaenales","Pseudanabaenaceae",NA,NA
"146786","Bacteria","Cyanobacteriota","Cyanophyceae","Pseudanabaenales","Thermosynechococcaceae",NA,NA
"118163","Bacteria","Cyanobacteriota","Cyanophyceae","Pleurocapsales","Hyellaceae",NA,NA
"33070","Bacteria","Cyanobacteriota","Cyanophyceae","Thermostichales","Thermostichaceae",NA,NA
"155894","Bacteria","Cyanobacteriota","Cyanophyceae","Chroococcidiopsidales","Chroococcidiopsidaceae",NA,NA
"2151","Bacteria","Mycoplasmatota","Mollicutes","Entomoplasmatales","Entomoplasmataceae",NA,NA
"29552","Bacteria","Mycoplasmatota","Mollicutes","Acholeplasmatales","Acholeplasmataceae",NA,NA
"2098","Bacteria","Mycoplasmatota","","Mycoplasmoidales","Metamycoplasmataceae",NA,NA
"61435","Bacteria","Chloroflexota","Dehalococcoidia","Dehalococcoidales","Dehalococcoidaceae",NA,NA
"454171","Bacteria","Armatimonadota","Chthonomonadetes","Chthonomonadales","Chthonomonadaceae",NA,NA
"2650471","Bacteria","Planctomycetota","Planctomycetia","Pirellulales","Lacipirellulaceae",NA,NA
"1936003","Bacteria","Planctomycetota","Phycisphaerae","Sedimentisphaerales","Anaerohalosphaeraceae",NA,NA
"2596890","Bacteria","Planctomycetota","Candidatus Uabimicrobiia","Candidatus Uabimicrobiales","Candidatus Uabimicrobiaceae",NA,NA
"431057","Bacteria","Verrucomicrobiota","Methylacidiphilae","Methylacidiphilales","Methylacidiphilaceae",NA,NA
"389348","Bacteria","Chlamydiota","Chlamydiia","Parachlamydiales","Parachlamydiaceae",NA,NA
"83561","Bacteria","Chlamydiota","Chlamydiia","Parachlamydiales","Simkaniaceae",NA,NA
"2697043","Bacteria","Kiritimatiellota","Tichowtungiia","Tichowtungiales","Tichowtungiaceae",NA,NA
"1658616","Bacteria","Lentisphaerota","Lentisphaeria","Lentisphaerales","Lentisphaeraceae",NA,NA
"1603606","Bacteria","Thermodesulfobacteriota","Desulfuromonadia","Desulfuromonadales","Trichloromonadaceae",NA,NA
"2296","Bacteria","Thermodesulfobacteriota","Desulfobacteria","Desulfobacterales","Desulfobacteraceae",NA,NA
"2810562","Bacteria","Thermodesulfobacteriota","Desulfobacteria","Desulfobacterales","Desulfolunaceae",NA,NA
"316277","Bacteria","Thermodesulfobacteriota","Syntrophia","Syntrophales","Syntrophaceae",NA,NA
"453230","Bacteria","Thermodesulfobacteriota","Desulfarculia","Desulfarculales","Desulfarculaceae",NA,NA
"60893","Bacteria","Thermodesulfobacteriota","Desulfobaccia","Desulfobaccales","Desulfobaccaceae",NA,NA
"28198","Bacteria","Campylobacterota","Epsilonproteobacteria","Campylobacterales","Arcobacteraceae",NA,NA
"2740404","Bacteria","Campylobacterota","Epsilonproteobacteria","Campylobacterales","Thiovulaceae",NA,NA
"28182","Bacteria","Spirochaetota","Spirochaetia","Leptospirales","Leptospiraceae",NA,NA
"1473598","Bacteria","Acidobacteriota","Terriglobia","Bryobacterales","Bryobacteraceae",NA,NA
"97084","Bacteria","Bdellovibrionota","Bacteriovoracia","Bacteriovoracales","Halobacteriovoraceae",NA,NA
"2421","Bacteria","Thermotogota","Thermotogae","Thermotogales","Fervidobacteriaceae",NA,NA
"940","Bacteria","Aquificota","Aquificae","Aquificales","Aquificaceae",NA,NA
"309806","Bacteria","Aquificota","Aquificae","Aquificales","Hydrogenothermaceae",NA,NA
"423605","Bacteria","Elusimicrobiota","Elusimicrobia","Elusimicrobiales","Elusimicrobiaceae",NA,NA
"97477","Bacteria","Synergistota","Synergistia","Synergistales","Acetomicrobiaceae",NA,NA
"35786","Bacteria","Coprothermobacterota","Coprothermobacteria","Coprothermobacterales","Coprothermobacteraceae",NA,NA
"2899133","Bacteria","Candidatus Saccharibacteria","Candidatus Saccharimonadia","Candidatus Nanosynbacterales","Candidatus Nanosynbacteraceae",NA,NA
"1332188","Bacteria","Candidatus Saccharibacteria","Candidatus Saccharimonadia","Candidatus Saccharimonadales","Candidatus Saccharimonadaceae",NA,NA
"2715735","Bacteria","","","","Candidatus Chazhemtobacteraceae",NA,NA
"187145","Bacteria","Calditrichota","Calditrichia","Calditrichales","Calditrichaceae",NA,NA
"936456","Bacteria","Chrysiogenota","Chrysiogenetes","Chrysiogenales","Chrysiogenaceae",NA,NA
"301375","Archaea","Euryarchaeota","Methanomicrobia","Methanotrichales","Methanotrichaceae",NA,NA
"2180","Archaea","Euryarchaeota","Methanobacteria","Methanobacteriales","Methanothermaceae",NA,NA
"2874846","Archaea","Euryarchaeota","Candidatus Methanoliparia","Candidatus Methanoliparales","Candidatus Methanoliparaceae",NA,NA
"683846","Archaea","Thermoproteota","Thermoprotei","Fervidicoccales","Fervidicoccaceae",NA,NA
"1582439","Archaea","Nitrososphaerota","","Nitrosopumilales","Nitrosopumilaceae",NA,NA
"82076","Archaea","Candidatus Thermoplasmatota","Thermoplasmata","Thermoplasmatales","Picrophilaceae",NA,NA
"985782","Viruses","Nucleocytoviricota","Megaviricetes","Imitervirales","Mimiviridae",NA,NA
"129951","Viruses","Preplasmiviricota","Tectiliviricetes","Rowavirales","Adenoviridae",NA,NA
"2747309","Viruses","","Naldaviricetes","Lefavirales","Hytrosaviridae",NA,NA
"2713640","Viruses","Artverviricota","Revtraviricetes","Ortervirales","Caulimoviridae",NA,NA
"2163644","Bacteria","Pseudomonadota","Alphaproteobacteria","Rickettsiales","Candidatus Deianiraeaceae",NA,NA
"2856608","Bacteria","Pseudomonadota","Gammaproteobacteria","Legionellales","Coxiellaceae",NA,NA
"1400862","Bacteria","Pseudomonadota","Gammaproteobacteria","","Candidatus Competibacteraceae",NA,NA
"1528099","Bacteria","Actinomycetota","Actinomycetes","Mycobacteriales","Lawsonellaceae",NA,NA
"1884905","Bacteria","Actinomycetota","Actinomycetes","Candidatus Nanopelagicales","Candidatus Nanopelagicaceae",NA,NA
"2086585","Bacteria","Bacillota","Clostridia","Eubacteriales","Christensenellaceae",NA,NA
"1565","Bacteria","Bacillota","Clostridia","Eubacteriales","Desulfotomaculaceae",NA,NA
"499229","Bacteria","Bacillota","Clostridia","Thermosediminibacterales","Tepidanaerobacteraceae",NA,NA
"2751313","Bacteria","Bacillota","Clostridia","Koleobacterales","Koleobacteraceae",NA,NA
"1147","Bacteria","Cyanobacteriota","Cyanophyceae","Synechococcales","Merismopediaceae",NA,NA
"147322","Bacteria","Cyanobacteriota","Cyanophyceae","Oscillatoriales","Sirenicapillariaceae",NA,NA
"2102","Bacteria","Mycoplasmatota","Mollicutes","Mycoplasmatales","Mycoplasmataceae",NA,NA
"2710758","Bacteria","Chloroflexota","Candidatus Thermofonsia","Phototrophicales","Phototrophicaceae",NA,NA
"155537","Bacteria","Bacteroidota","Cytophagia","Cytophagales","Microscillaceae",NA,NA
"71667","Bacteria","Chlamydiota","Chlamydiia","Parachlamydiales","Waddliaceae",NA,NA
"483547","Bacteria","Thermodesulfobacteriota","Desulfuromonadia","Desulfuromonadales","Geoalkalibacteraceae",NA,NA
"181663","Bacteria","Thermodesulfobacteriota","Desulfobacteria","Desulfobacterales","Desulfosudaceae",NA,NA
"2358","Bacteria","Thermodesulfobacteriota","Desulfomonilia","Desulfomonilales","Desulfomonilaceae",NA,NA
"291048","Bacteria","Campylobacterota","Epsilonproteobacteria","Nautiliales","Nautiliaceae",NA,NA
"2715679","Bacteria","Nitrospirota","Thermodesulfovibrionia","Thermodesulfovibrionales","Dissulfurispiraceae",NA,NA
"1441386","Bacteria","Thermotogota","Thermotogae","Mesoaciditogales","Mesoaciditogaceae",NA,NA
"2066483","Bacteria","","Candidatus Babeliae","Candidatus Babeliales","Candidatus Chromulinivoraceae",NA,NA
"2735562","Bacteria","Candidatus Absconditabacteria","","Candidatus Absconditabacterales","Candidatus Absconditicoccaceae",NA,NA
"336261","Bacteria","Synergistota","Synergistia","Synergistales","Thermovirgaceae",NA,NA
"64160","Bacteria","Aquificota","Aquificae","Desulfurobacteriales","Desulfurobacteriaceae",NA,NA
"248039","Bacteria","Deferribacterota","Deferribacteres","Deferribacterales","Mucispirillaceae",NA,NA
"2847778","Bacteria","Atribacterota","Atribacteria","Atribacterales","Atribacteraceae",NA,NA
"5761","Eukaryota","Heterolobosea","","","Vahlkampfiidae",NA,NA
"13642","Eukaryota","Evosea","Eumycetozoa","Acytosteliales","Acytosteliaceae",NA,NA
"45989","Archaea","Euryarchaeota","Methanomicrobia","Methanomicrobiales","Methanomicrobiaceae",NA,NA
"2202","Archaea","Euryarchaeota","Methanomicrobia","Methanomicrobiales","Methanospirillaceae",NA,NA
"1175445","Archaea","Euryarchaeota","Methanomicrobia","Methanocellales","Methanocellaceae",NA,NA
"2320","Archaea","Euryarchaeota","Methanopyri","Methanopyrales","Methanopyraceae",NA,NA
"1316941","Archaea","Euryarchaeota","Archaeoglobi","Archaeoglobales","Archaeoglobaceae",NA,NA
"2933293","Archaea","Euryarchaeota","Methanonatronarchaeia","Methanonatronarchaeales","Methanonatronarchaeaceae",NA,NA
"184117","Archaea","Thermoproteota","Thermoprotei","Thermoproteales","Thermoproteaceae",NA,NA
"56636","Archaea","Thermoproteota","Thermoprotei","Desulfurococcales","Desulfurococcaceae",NA,NA
"1273541","Archaea","Thermoproteota","Thermoprotei","Desulfurococcales","Pyrodictiaceae",NA,NA
"200415","Archaea","Thermoproteota","Thermoprotei","Acidilobales","Caldisphaeraceae",NA,NA
"1577685","Archaea","Thermoproteota","Thermoprotei","Acidilobales","Acidilobaceae",NA,NA
"498374","Archaea","Nitrososphaerota","Nitrososphaeria","Candidatus Nitrosocaldales","Candidatus Nitrosocaldaceae",NA,NA
"1874277","Archaea","Nitrososphaerota","Conexivisphaeria","Conexivisphaerales","Conexivisphaeraceae",NA,NA
"74968","Archaea","Candidatus Thermoplasmatota","Thermoplasmata","Thermoplasmatales","Ferroplasmaceae",NA,NA
"2565781","Archaea","Candidatus Nanohaloarchaeota","Candidatus Nanohalobia","Candidatus Nanohalobiales","Candidatus Nanohalobiaceae",NA,NA
"2955513","Viruses","Uroviricota","Caudoviricetes","","Orlajensenviridae",NA,NA
"2866684","Viruses","Uroviricota","Caudoviricetes","","Peduoviridae",NA,NA
"2955413","Viruses","Uroviricota","Caudoviricetes","Kirjokansivirales","Graaviviridae",NA,NA
"2955968","Viruses","Uroviricota","Caudoviricetes","Thumleimavirales","Druskaviridae",NA,NA
"180230","Viruses","Peploviricota","Herviviricetes","Herpesvirales","Alloherpesviridae",NA,NA
"2023057","Viruses","Nucleocytoviricota","Megaviricetes","Algavirales","Phycodnaviridae",NA,NA
"328615","Viruses","Nucleocytoviricota","Megaviricetes","Pimascovirales","Ascoviridae",NA,NA
"2560356","Viruses","Pisuviricota","Pisoniviricetes","Picornavirales","Marnaviridae",NA,NA
"2052899","Viruses","Artverviricota","Revtraviricetes","Ortervirales","Metaviridae",NA,NA
"1457141","Bacteria","Chlamydiota","Chlamydiia","Chlamydiales","Chlamydiaceae",NA,NA
"2352","Bacteria","Deferribacterota","Deferribacteres","Deferribacterales","Flexistipitaceae",NA,NA
"2282148","Archaea","Candidatus Micrarchaeota","Candidatus Micrarchaeia","Candidatus Micrarchaeales","Candidatus Micrarchaeaceae",NA,NA
"2955604","Viruses","Uroviricota","Caudoviricetes","","Vertoviridae",NA,NA
"1794699","Bacteria","Bacillota","Clostridia","Thermoanaerobacterales","Thermodesulfobiaceae",NA,NA
"1406512","Archaea","Candidatus Thermoplasmatota","Thermoplasmata","Methanomassiliicoccales","Methanomassiliicoccaceae",NA,NA
"2011088","Viruses","Hofneiviricota","Faserviricetes","Tubulavirales","Inoviridae",NA,NA
"1980928","Viruses","Uroviricota","Caudoviricetes","","Herelleviridae",NA,NA
"1450746","Viruses","","","","Pithoviridae",NA,NA
"2056194","Viruses","","","","Ovaliviridae",NA,NA
"2919598","Bacteria","Pseudomonadota","Gammaproteobacteria","Candidatus Comchoanobacterales","Candidatus Comchoanobacteraceae",NA,NA
"56947","Viruses","","Naldaviricetes","Lefavirales","Baculoviridae",NA,NA
"2956126","Viruses","Uroviricota","Caudoviricetes","Kirjokansivirales","Shortaselviridae",NA,NA
"2844101","Viruses","","Naldaviricetes","Lefavirales","Nudiviridae",NA,NA
"2039","Bacteria","Actinomycetota","Actinomycetes","Micrococcales","Tropherymataceae",NA,NA
"1157339","Viruses","","","","Spiraviridae",NA,NA
"2731621","Viruses","Uroviricota","Caudoviricetes","","Ackermannviridae",NA,NA
"2845770","Viruses","Preplasmiviricota","Tectiliviricetes","","Autolykiviridae",NA,NA
"1826170","Viruses","Nucleocytoviricota","Megaviricetes","Pimascovirales","Marseilleviridae",NA,NA
"3708","Eukaryota","Streptophyta","Magnoliopsida","Brassicales","Brassicaceae",NA,NA
"1469144","Bacteria","Actinomycetota","Actinomycetes","Kitasatosporales","Carbonactinosporaceae",NA,NA
"469812","Bacteria","Chlamydiota","Chlamydiia","Chlamydiales","Candidatus Clavichlamydiaceae",NA,NA
"340071","Bacteria","Chlamydiota","Chlamydiia","Parachlamydiales","Criblamydiaceae",NA,NA
"2776706","Archaea","Thermoproteota","Thermoprotei","Thermofilales","Thermofilaceae",NA,NA
"2734111","Viruses","Uroviricota","Caudoviricetes","","Kyanoviridae",NA,NA
"2750282","Viruses","Uroviricota","Caudoviricetes","","Rountreeviridae",NA,NA
"2948645","Viruses","Uroviricota","Caudoviricetes","Crassvirales","Suoliviridae",NA,NA
"2955582","Viruses","Uroviricota","Caudoviricetes","Crassvirales","Intestiviridae",NA,NA
"2956060","Viruses","Uroviricota","Caudoviricetes","Crassvirales","Crevaviridae",NA,NA
"2956268","Viruses","Uroviricota","Caudoviricetes","Crassvirales","Steigviridae",NA,NA
"2843629","Viruses","Uroviricota","Caudoviricetes","","Straboviridae",NA,NA
"2955875","Viruses","Uroviricota","Caudoviricetes","","Schitoviridae",NA,NA
"2733999","Viruses","Uroviricota","Caudoviricetes","","Demerecviridae",NA,NA
"2845760","Viruses","Uroviricota","Caudoviricetes","","Chaseviridae",NA,NA
"2943016","Viruses","Uroviricota","Caudoviricetes","","Casjensviridae",NA,NA
"2948808","Viruses","Uroviricota","Caudoviricetes","","Vilmaviridae",NA,NA
"2956702","Viruses","Uroviricota","Caudoviricetes","","Mesyanzhinovviridae",NA,NA
"2956325","Viruses","Uroviricota","Caudoviricetes","","Zierdtviridae",NA,NA
"2843389","Viruses","Uroviricota","Caudoviricetes","Thumleimavirales","Hafunaviridae",NA,NA
"2955846","Viruses","Uroviricota","Caudoviricetes","Thumleimavirales","Soleiviridae",NA,NA
"1982584","Viruses","Uroviricota","Caudoviricetes","","Salasmaviridae",NA,NA
"2948826","Viruses","Uroviricota","Caudoviricetes","","Molycolviridae",NA,NA
"2955965","Viruses","Uroviricota","Caudoviricetes","","Pachyviridae",NA,NA
"2956326","Viruses","Uroviricota","Caudoviricetes","","Suolaviridae",NA,NA
"2956300","Viruses","Uroviricota","Caudoviricetes","","Winoviridae",NA,NA
"2843953","Viruses","Uroviricota","Caudoviricetes","","Zobellviridae",NA,NA
"2955982","Viruses","Uroviricota","Caudoviricetes","","Aggregaviridae",NA,NA
"2956108","Viruses","Uroviricota","Caudoviricetes","","Helgolandviridae",NA,NA
"2956396","Viruses","Uroviricota","Caudoviricetes","","Saparoviridae",NA,NA
"10376","Viruses","Peploviricota","Herviviricetes","Herpesvirales","Herpesviridae",NA,NA
"10279","Viruses","Nucleocytoviricota","Pokkesviricetes","Chitovirales","Poxviridae",NA,NA
"10497","Viruses","Nucleocytoviricota","Pokkesviricetes","Asfuvirales","Asfarviridae",NA,NA
"2704413","Viruses","Nucleocytoviricota","Megaviricetes","Pimascovirales","Iridoviridae",NA,NA
"2049890","Viruses","Dividoviricota","Laserviricetes","Halopanivirales","Sphaerolipoviridae",NA,NA
"369960","Viruses","Artverviricota","Revtraviricetes","Ortervirales","Retroviridae",NA,NA
"119164","Viruses","Pisuviricota","Pisoniviricetes","Sobelivirales","Solemoviridae",NA,NA
"290028","Viruses","Pisuviricota","Pisoniviricetes","Nidovirales","Coronaviridae",NA,NA
"2116385","Viruses","Pisuviricota","Pisoniviricetes","Nidovirales","Tobaniviridae",NA,NA
"2508226","Viruses","Pisuviricota","Pisoniviricetes","Nidovirales","Mononiviridae",NA,NA
"2508237","Viruses","Pisuviricota","Pisoniviricetes","Nidovirales","Euroniviridae",NA,NA
"12742","Viruses","Pisuviricota","Pisoniviricetes","Picornavirales","Iflaviridae",NA,NA
"631345","Viruses","Pisuviricota","Pisoniviricetes","Picornavirales","Solinviviridae",NA,NA
"2734466","Viruses","Negarnaviricota","Ellioviricetes","Bunyavirales","Phenuiviridae",NA,NA
"2734494","Viruses","Negarnaviricota","Ellioviricetes","Bunyavirales","Tospoviridae",NA,NA
"1972584","Viruses","Negarnaviricota","Monjiviricetes","Mononegavirales","Rhabdoviridae",NA,NA
"2501958","Viruses","Negarnaviricota","Monjiviricetes","Mononegavirales","Artoviridae",NA,NA
"1034377","Viruses","Negarnaviricota","Monjiviricetes","Mononegavirales","Nyamiviridae",NA,NA
"40061","Viruses","Duplornaviricota","Resentoviricetes","Reovirales","Sedoreoviridae",NA,NA
"1856030","Viruses","Duplornaviricota","Chrymotiviricetes","Ghabrivirales","Totiviridae",NA,NA
"1087068","Viruses","Duplornaviricota","Chrymotiviricetes","Ghabrivirales","Alternaviridae",NA,NA
"72539","Viruses","Kitrinoviricota","Alsuviricetes","Tymovirales","Tymoviridae",NA,NA
"1177751","Viruses","Kitrinoviricota","Alsuviricetes","Martellivirales","Closteroviridae",NA,NA
"37206","Viruses","Kitrinoviricota","Alsuviricetes","Hepelivirales","Alphatetraviridae",NA,NA
"2083300","Viruses","","","","Polydnaviriformidae",NA,NA
"342409","Viruses","","Naldaviricetes","","Nimaviridae",NA,NA
"337051","Viruses","Cossaviricota","Papovaviricetes","Zurhausenvirales","Papillomaviridae",NA,NA
"1891726","Viruses","Cossaviricota","Papovaviricetes","Sepolyvirales","Polyomaviridae",NA,NA
"2560804","Viruses","Hofneiviricota","Faserviricetes","Tubulavirales","Paulinoviridae",NA,NA
"157897","Viruses","Taleaviricota","Tokiviricetes","Ligamenvirales","Rudiviridae",NA,NA
"2734585","Viruses","Taleaviricota","Tokiviricetes","Ligamenvirales","Lipothrixviridae",NA,NA
"2843874","Viruses","","","","Ampullaviridae",NA,NA
"28907","Bacteria","Pseudomonadota","Gammaproteobacteria","Thiotrichales","Fastidiosibacteraceae",NA,NA
"2955598","Viruses","Uroviricota","Caudoviricetes","","Assiduviridae",NA,NA
"2955922","Viruses","Uroviricota","Caudoviricetes","","Forsetiviridae",NA,NA
"261939","Viruses","Peploviricota","Herviviricetes","Herpesvirales","Malacoherpesviridae",NA,NA
"1330070","Viruses","Pisuviricota","Pisoniviricetes","Picornavirales","Picornaviridae",NA,NA
"2734512","Viruses","Pisuviricota","Pisoniviricetes","Nidovirales","Nanghoshaviridae",NA,NA
"31742","Viruses","Pisuviricota","Stelpaviricetes","Patatavirales","Potyviridae",NA,NA
"2560526","Viruses","Negarnaviricota","Monjiviricetes","Mononegavirales","Paramyxoviridae",NA,NA
"2560365","Viruses","Negarnaviricota","Ellioviricetes","Bunyavirales","Peribunyaviridae",NA,NA
"2509286","Viruses","Negarnaviricota","Ellioviricetes","Bunyavirales","Wupedeviridae",NA,NA
"28355","Viruses","Kitrinoviricota","Alsuviricetes","Martellivirales","Virgaviridae",NA,NA
"31721","Viruses","Kitrinoviricota","Alsuviricetes","Hepelivirales","Benyviridae",NA,NA
"2083445","Viruses","Duplornaviricota","Resentoviricetes","Reovirales","Spinareoviridae",NA,NA
"1557034","Viruses","Preplasmiviricota","Maveriviricetes","Priklausovirales","Lavidaviridae",NA,NA
"1285589","Viruses","Cossaviricota","Mouviricetes","Polivirales","Bidnaviridae",NA,NA
"10814","Viruses","Cressdnaviricota","Repensiviricetes","Geplafuvirales","Geminiviridae",NA,NA
"2955959","Viruses","Cressdnaviricota","Arfiviricetes","Cirlivirales","Vilyaviridae",NA,NA
"2056780","Viruses","Cressdnaviricota","Arfiviricetes","Mulpavirales","Nanoviridae",NA,NA
"2170098","Viruses","Hofneiviricota","Faserviricetes","Tubulavirales","Plectroviridae",NA,NA
"2734593","Viruses","","","","Thaspiviridae",NA,NA
"2734591","Viruses","","","","Finnlakeviridae",NA,NA
"1080349","Eukaryota","Ascomycota","Saccharomycetes","Saccharomycetales","Saccharomycetaceae",NA,NA
"2560679","Viruses","Uroviricota","Caudoviricetes","","Autographiviridae",NA,NA
"1920860","Viruses","Uroviricota","Caudoviricetes","","Drexlerviridae",NA,NA
"2956190","Viruses","Uroviricota","Caudoviricetes","Methanobavirales","Anaerodiviridae",NA,NA
"2956229","Viruses","Uroviricota","Caudoviricetes","","Naomviridae",NA,NA
"2955320","Viruses","Pisuviricota","","Yadokarivirales","Yadokariviridae",NA,NA
"11246","Viruses","Negarnaviricota","Monjiviricetes","Mononegavirales","Pneumoviridae",NA,NA
"2501942","Viruses","Negarnaviricota","Monjiviricetes","Mononegavirales","Lispiviridae",NA,NA
"2501934","Viruses","Negarnaviricota","Monjiviricetes","Mononegavirales","Xinmoviridae",NA,NA
"2560552","Viruses","Negarnaviricota","Ellioviricetes","Bunyavirales","Leishbuviridae",NA,NA
"12183","Viruses","Kitrinoviricota","Alsuviricetes","Tymovirales","Alphaflexiviridae",NA,NA
"2169865","Viruses","Kitrinoviricota","Alsuviricetes","Tymovirales","Deltaflexiviridae",NA,NA
"1513278","Viruses","Kitrinoviricota","Alsuviricetes","Martellivirales","Kitaviridae",NA,NA
"1678145","Viruses","Kitrinoviricota","Alsuviricetes","Hepelivirales","Hepeviridae",NA,NA
"46014","Viruses","","","","Plasmaviridae",NA,NA
"2844289","Viruses","Uroviricota","Caudoviricetes","","Duneviridae",NA,NA
"2948648","Viruses","Uroviricota","Caudoviricetes","","Pervagoviridae",NA,NA
"1983569","Viruses","Pisuviricota","Pisoniviricetes","Picornavirales","Dicistroviridae",NA,NA
"2099567","Viruses","Negarnaviricota","Ellioviricetes","Bunyavirales","Fimoviridae",NA,NA
"1980516","Viruses","Negarnaviricota","Ellioviricetes","Bunyavirales","Phasmaviridae",NA,NA
"362692","Viruses","Kitrinoviricota","Alsuviricetes","Martellivirales","Endornaviridae",NA,NA
"2846689","Viruses","Dividoviricota","Laserviricetes","Halopanivirales","Simuloviridae",NA,NA
"2732655","Viruses","Cressdnaviricota","Arfiviricetes","Recrevirales","Redondoviridae",NA,NA
"2734333","Viruses","Saleviricota","Huolimaviricetes","Haloruvirales","Pleolipoviridae",NA,NA
"2843841","Viruses","Taleaviricota","Tokiviricetes","Primavirales","Tristromaviridae",NA,NA
"687353","Viruses","","","","Anelloviridae",NA,NA
"2169647","Viruses","","","","Portogloboviridae",NA,NA
"2170111","Viruses","Cressdnaviricota","Arfiviricetes","Cremevirales","Smacoviridae",NA,NA
"2846071","Viruses","Kitrinoviricota","Alsuviricetes","Hepelivirales","Matonaviridae",NA,NA
"2508254","Viruses","Negarnaviricota","Yunchangviricetes","Goujianvirales","Yueviridae",NA,NA
"2748967","Viruses","Pisuviricota","Pisoniviricetes","Nidovirales","Arteriviridae",NA,NA
"1884453","Viruses","Negarnaviricota","Monjiviricetes","Mononegavirales","Sunviridae",NA,NA
"2956616","Viruses","Lenarviricota","Howeltoviricetes","Cryppavirales","Mitoviridae",NA,NA
"2734513","Viruses","Pisuviricota","Pisoniviricetes","Nidovirales","Nanhypoviridae",NA,NA
"2845804","Viruses","Lenarviricota","Leviviricetes","Norzivirales","Fiersviridae",NA,NA
"442302","Viruses","Pisuviricota","Duplopiviricetes","Durnavirales","Picobirnaviridae",NA,NA
"2844982","Viruses","Dividoviricota","Laserviricetes","Halopanivirales","Matshushitaviridae",NA,NA
"2955984","Viruses","Uroviricota","Caudoviricetes","Kirjokansivirales","Pyrstoviridae",NA,NA
"2843993","Viruses","Uroviricota","Caudoviricetes","","Guelinviridae",NA,NA
"1980523","Viruses","Negarnaviricota","Ellioviricetes","Bunyavirales","Nairoviridae",NA,NA
"2956521","Viruses","Pisuviricota","Duplopiviricetes","Durnavirales","Hypoviridae",NA,NA
"2169909","Viruses","Negarnaviricota","Ellioviricetes","Bunyavirales","Arenaviridae",NA,NA
"2508259","Viruses","Negarnaviricota","Ellioviricetes","Bunyavirales","Mypoviridae",NA,NA
"2955242","Viruses","Duplornaviricota","Chrymotiviricetes","Ghabrivirales","Chrysoviridae",NA,NA
"2955971","Viruses","Uroviricota","Caudoviricetes","Thumleimavirales","Halomagnusviridae",NA,NA
"2955706","Viruses","Uroviricota","Caudoviricetes","","Madisaviridae",NA,NA
"44689","Eukaryota","Evosea","Eumycetozoa","Dictyosteliales","Dictyosteliaceae",NA,NA
"67476","Eukaryota","Bacillariophyta","Bacillariophyceae","Naviculales","Naviculaceae",NA,NA
"1732177","Viruses","","","","Bicaudaviridae",NA,NA
"2749931","Viruses","","","","Halspiviridae",NA,NA
"269145","Viruses","Preplasmiviricota","Tectiliviricetes","Belfryvirales","Turriviridae",NA,NA
"96029","Viruses","Pisuviricota","Pisoniviricetes","Nidovirales","Roniviridae",NA,NA
"1980486","Viruses","Negarnaviricota","Ellioviricetes","Bunyavirales","Hantaviridae",NA,NA
"2734351","Viruses","Kitrinoviricota","Alsuviricetes","Martellivirales","Mayoviridae",NA,NA
"235266","Viruses","Taleaviricota","Tokiviricetes","Ligamenvirales","Ungulaviridae",NA,NA
"2746926","Viruses","Cossaviricota","Quintoviricetes","Piccovirales","Parvoviridae",NA,NA
"1655646","Viruses","Phixviricota","Malgrandaviricetes","Petitvirales","Microviridae",NA,NA
"11983","Viruses","Pisuviricota","Pisoniviricetes","Picornavirales","Caliciviridae",NA,NA
"35279","Viruses","Kitrinoviricota","Flasuviricetes","Amarillovirales","Flaviviridae",NA,NA
"1000373","Viruses","Duplornaviricota","Chrymotiviricetes","Ghabrivirales","Quadriviridae",NA,NA
"1740646","Viruses","","","","Polymycoviridae",NA,NA
"2846161","Viruses","Negarnaviricota","Monjiviricetes","Mononegavirales","Mymonaviridae",NA,NA
"2170045","Viruses","Negarnaviricota","Milneviricetes","Serpentovirales","Aspiviridae",NA,NA
"1891704","Viruses","Pisuviricota","Duplopiviricetes","Durnavirales","Partitiviridae",NA,NA
"2170145","Viruses","Cressdnaviricota","Arfiviricetes","Baphyvirales","Bacilladnaviridae",NA,NA
"2734265","Viruses","Uroviricota","Caudoviricetes","Methanobavirales","Leisingerviridae",NA,NA
"2175117","Viruses","","","","Adomaviridae",NA,NA
"2845660","Viruses","Negarnaviricota","Monjiviricetes","Jingchuvirales","Myriaviridae",NA,NA
"2507500","Viruses","Negarnaviricota","Chunqiuviricetes","Muvirales","Qinviridae",NA,NA
"2220003","Viruses","Pisuviricota","Stelpaviricetes","Stellavirales","Astroviridae",NA,NA
"1352511","Viruses","Kitrinoviricota","Tolucaviricetes","Tolivirales","Tombusviridae",NA,NA
"341938","Viruses","Preplasmiviricota","Tectiliviricetes","Kalamavirales","Tectiviridae",NA,NA
"2065797","Viruses","Pisuviricota","Duplopiviricetes","Durnavirales","Amalgaviridae",NA,NA
"43764","Viruses","Kitrinoviricota","Magsaviricetes","Nodamuvirales","Nodaviridae",NA,NA
"2844505","Viruses","Cressdnaviricota","Repensiviricetes","Geplafuvirales","Genomoviridae",NA,NA
"2509395","Viruses","Pisuviricota","Pisoniviricetes","Nidovirales","Medioniviridae",NA,NA
"2846165","Viruses","Pisuviricota","Duplopiviricetes","Durnavirales","Curvulaviridae",NA,NA
"37124","Viruses","Kitrinoviricota","Alsuviricetes","Martellivirales","Togaviridae",NA,NA
"2010320","Viruses","","","","Tolecusatellitidae",NA,NA
"1661392","Viruses","","","","Birnaviridae",NA,NA
"2032563","Viruses","","","","Fuselloviridae",NA,NA
"2734502","Viruses","Pisuviricota","Pisoniviricetes","Nidovirales","Olifoviridae",NA,NA
"1676267","Viruses","Duplornaviricota","Chrymotiviricetes","Ghabrivirales","Megabirnaviridae",NA,NA
"2169857","Viruses","Duplornaviricota","Vidaverviricetes","Mindivirales","Cystoviridae",NA,NA
"2560753","Viruses","Negarnaviricota","Monjiviricetes","Mononegavirales","Bornaviridae",NA,NA
"2501923","Viruses","Pisuviricota","Pisoniviricetes","Nidovirales","Mesoniviridae",NA,NA
"1983561","Viruses","Kitrinoviricota","Magsaviricetes","Nodamuvirales","Sinhaliviridae",NA,NA
"2845619","Viruses","Negarnaviricota","Monjiviricetes","Jingchuvirales","Chuviridae",NA,NA
"2734500","Viruses","Pisuviricota","Pisoniviricetes","Nidovirales","Cremegaviridae",NA,NA
"2845713","Viruses","Negarnaviricota","Monjiviricetes","Jingchuvirales","Aliusviridae",NA,NA
"186539","Viruses","Negarnaviricota","Monjiviricetes","Mononegavirales","Filoviridae",NA,NA
"2006498","Viruses","Kitrinoviricota","Tolucaviricetes","Tolivirales","Luteoviridae",NA,NA
"2843678","Viruses","","","","Globuloviridae",NA,NA
"2018501","Viruses","Pisuviricota","Pisoniviricetes","Picornavirales","Polycipiviridae",NA,NA
"2956349","Viruses","Negarnaviricota","Insthoviricetes","Articulavirales","Orthomyxoviridae",NA,NA
"2560654","Viruses","Preplasmiviricota","Tectiliviricetes","Vinavirales","Corticoviridae",NA,NA
"1856767","Viruses","Lenarviricota","Amabiliviricetes","Wolframvirales","Narnaviridae",NA,NA
"2734501","Viruses","Pisuviricota","Pisoniviricetes","Nidovirales","Gresnaviridae",NA,NA
"12639","Viruses","Artverviricota","Revtraviricetes","Blubervirales","Hepadnaviridae",NA,NA
"2845517","Viruses","Negarnaviricota","Ellioviricetes","Bunyavirales","Cruliviridae",NA,NA
"2560744","Viruses","Lenarviricota","Miaviricetes","Ourlivirales","Botourmiaviridae",NA,NA
"32625","Viruses","Pisuviricota","Pisoniviricetes","Sobelivirales","Barnaviridae",NA,NA
"2955276","Viruses","Pisuviricota","Duplopiviricetes","Durnavirales","Fusariviridae",NA,NA
"2843923","Viruses","Lenarviricota","Leviviricetes","Timlovirales","Steitzviridae",NA,NA
"1927714","Viruses","Pisuviricota","Pisoniviricetes","Picornavirales","Secoviridae",NA,NA
"2030964","Viruses","Pisuviricota","Pisoniviricetes","Sobelivirales","Alvernaviridae",NA,NA
"2419666","Viruses","","","","Kolmioviridae",NA,NA
"700542","Viruses","","","","Clavaviridae",NA,NA
"1779339","Viruses","Kitrinoviricota","Alsuviricetes","Martellivirales","Bromoviridae",NA,NA
"2293280","Viruses","","","","Cruciviridae",NA,NA
"12901","Viruses","","","","Pospiviroidae",NA,NA
"83810","Viruses","","","","Permutotetraviridae",NA,NA
"12896","Viruses","","","","Avsunviroidae",NA,NA
"1634476","Viruses","Cressdnaviricota","Arfiviricetes","Cirlivirales","Circoviridae",NA,NA
"2843696","Viruses","Lenarviricota","Leviviricetes","Norzivirales","Duinviridae",NA,NA
"129395","Viruses","Kitrinoviricota","Alsuviricetes","Tymovirales","Gammaflexiviridae",NA,NA
"2843935","Viruses","Negarnaviricota","Monjiviricetes","Jingchuvirales","Natareviridae",NA,NA
"743040","Viruses","","","","Alphasatellitidae",NA,NA
