"","Kingdom","Phylum","Class","Order","Family","Genus","Species"
"9606","Eukaryota","Chordata","Mammalia","Primates","Hominidae","Homo",NA
"5761","Eukaryota","Heterolobosea","","","Vahlkampfiidae","Naegleria",NA
"13642","Eukaryota","Evosea","Eumycetozoa","Acytosteliales","Acytosteliaceae","Heterostelium",NA
"3708","Eukaryota","Streptophyta","Magnoliopsida","Brassicales","Brassicaceae","Brassica",NA
"1080349","Eukaryota","Ascomycota","Saccharomycetes","Saccharomycetales","Saccharomycetaceae","Saccharomyces",NA
"44689","Eukaryota","Evosea","Eumycetozoa","Dictyosteliales","Dictyosteliaceae","Dictyostelium",NA
"67476","Eukaryota","Bacillariophyta","Bacillariophyceae","Naviculales","Naviculaceae","Haslea",NA
