"","Kingdom","Phylum","Class","Order","Family","Genus","Species"
"9606","Eukaryota","Chordata","Mammalia","Primates","Hominidae",NA,NA
"5761","Eukaryota","Heterolobosea","","","Vahlkampfiidae",NA,NA
"13642","Eukaryota","Evosea","Eumycetozoa","Acytosteliales","Acytosteliaceae",NA,NA
"3708","Eukaryota","Streptophyta","Magnoliopsida","Brassicales","Brassicaceae",NA,NA
"1080349","Eukaryota","Ascomycota","Saccharomycetes","Saccharomycetales","Saccharomycetaceae",NA,NA
"44689","Eukaryota","Evosea","Eumycetozoa","Dictyosteliales","Dictyosteliaceae",NA,NA
"67476","Eukaryota","Bacillariophyta","Bacillariophyceae","Naviculales","Naviculaceae",NA,NA
