"","OTU","pvalues","model","score","loc1","loc2","locs","adj_pvalues","hlevel","sign_rank","OtuClass"
"1",3708,0.99880982809826,"p",8.61677676031601,"AKL16","NYC16","AKL16_vs_NYC16",0.999811612545038,"Eukarya_Phylum",3,"3708Eukarya_Phylum"
"2",3708,0.998419493556247,"p",8.61677675466459,"BOG16","NYC16","BOG16_vs_NYC16",0.998815227491969,"Eukarya_Phylum",5,"3708Eukarya_Phylum"
"3",3708,0.998550166941529,"p",8.61677675864884,"DEN16","NYC16","DEN16_vs_NYC16",0.998550166941529,"Eukarya_Phylum",5,"3708Eukarya_Phylum"
"4",3708,0.99872670713963,"p",8.61677675524599,"DOH16","NYC16","DOH16_vs_NYC16",0.998938214323307,"Eukarya_Phylum",3,"3708Eukarya_Phylum"
"5",3708,0.999081306308043,"p",8.61677675338936,"ILR16","NYC16","ILR16_vs_NYC16",0.99975853057637,"Eukarya_Phylum",3,"3708Eukarya_Phylum"
"6",3708,0.99911744133661,"p",8.6167670195931,"LIS16","NYC16","LIS16_vs_NYC16",0.99911744133661,"Eukarya_Order",4,"3708Eukarya_Order"
"7",3708,0.998679984976471,"p",8.61677675592579,"NYC16","BAL17","NYC16_vs_BAL17",0.998679984976471,"Eukarya_Phylum",5,"3708Eukarya_Phylum"
"8",3708,0.99890162047288,"p",8.61677675311874,"NYC16","DEN17","NYC16_vs_DEN17",0.999083909800696,"Eukarya_Phylum",3,"3708Eukarya_Phylum"
"9",3708,0.998495683857156,"p",8.6167767582402,"NYC16","DOH17","NYC16_vs_DOH17",0.998495683857156,"Eukarya_Phylum",5,"3708Eukarya_Phylum"
"10",3708,0.998780409627536,"p",8.61677675456199,"NYC16","ILR17","NYC16_vs_ILR17",0.998780409627536,"Eukarya_Phylum",5,"3708Eukarya_Phylum"
"11",3708,0.998940411567903,"p",8.61677675612644,"NYC16","MIN17","NYC16_vs_MIN17",0.998940411567903,"Eukarya_Phylum",5,"3708Eukarya_Phylum"
"12",3708,0.99867801950595,"p",8.61677675371233,"NYC16","NYC17","NYC16_vs_NYC17",0.999715149491401,"Eukarya_Phylum",3,"3708Eukarya_Phylum"
"13",3708,0.998739137758919,"p",8.61677675687043,"NYC16","SAC16","NYC16_vs_SAC16",0.998739137758919,"Eukarya_Phylum",5,"3708Eukarya_Phylum"
"14",3708,0.99852921940744,"p",8.6167670222677,"NYC16","SAO17","NYC16_vs_SAO17",0.99852921940744,"Eukarya_Class",3,"3708Eukarya_Class"
"15",3708,0.997876162897627,"p",8.61677675958218,"NYC16","TOK16","NYC16_vs_TOK16",0.997876162897627,"Eukarya_Phylum",5,"3708Eukarya_Phylum"
"16",3708,0.998696171588097,"p",8.61677675474398,"NYC16","TOK17","NYC16_vs_TOK17",0.998696171588097,"Eukarya_Phylum",3,"3708Eukarya_Phylum"
"17",3708,0.998354491163118,"p",8.61677675985624,"NYC16","VIE17","NYC16_vs_VIE17",0.998354491163118,"Eukarya_Phylum",5,"3708Eukarya_Phylum"
"18",3708,0.998265100098748,"p",8.61677676175231,"NYC16","ZRH17","NYC16_vs_ZRH17",0.998265100098748,"Eukarya_Phylum",5,"3708Eukarya_Phylum"
"19",5761,0.997140255684536,"p",24.6671083527791,"AKL16","BAL17","AKL16_vs_BAL17",0.997140255684536,"Eukarya_Family",4,"5761Eukarya_Family"
"20",5761,0.992153972438397,"p",171.940834426393,"AKL16","BER16","AKL16_vs_BER16",0.999874402649884,"Eukarya_Family",5,"5761Eukarya_Family"
"21",5761,0.996367623514947,"p",69.7489184093375,"AKL16","BOG16","AKL16_vs_BOG16",0.999776593030559,"Eukarya_Phylum",2,"5761Eukarya_Phylum"
"22",5761,0.995490641009845,"p",36.8473243085203,"AKL16","DEN16","AKL16_vs_DEN16",0.99591664641876,"Eukarya_Family",4,"5761Eukarya_Family"
"23",5761,0.995919563738625,"p",29.2056109405339,"AKL16","DOH17","AKL16_vs_DOH17",0.999047052868626,"Eukarya_Family",4,"5761Eukarya_Family"
"24",5761,0.995596106892755,"p",43.8603088299531,"AKL16","ILR17","AKL16_vs_ILR17",0.997143191566097,"Eukarya_Family",4,"5761Eukarya_Family"
"25",5761,0.996720177747318,"p",20.6258410858039,"AKL16","MIN17","AKL16_vs_MIN17",0.996720177747318,"Eukarya_Family",4,"5761Eukarya_Family"
"26",5761,0.994560453410737,"p",159.513226025882,"AKL16","NYC16","AKL16_vs_NYC16",0.999811612545038,"Eukarya_Family",5,"5761Eukarya_Family"
"27",5761,0.997619845133289,"p",25.676069138639,"AKL16","NYC17","AKL16_vs_NYC17",0.999792953035217,"Eukarya_Family",4,"5761Eukarya_Family"
"28",5761,0.995030065022384,"p",41.3232473949665,"AKL16","SAC16","AKL16_vs_SAC16",0.995030065022384,"Eukarya_Family",4,"5761Eukarya_Family"
"29",5761,0.996901979659453,"p",69.3727018652308,"AKL16","TOK16","AKL16_vs_TOK16",0.999966493022669,"Eukarya_Family",4,"5761Eukarya_Family"
"30",5761,0.997505977389291,"p",18.1397384392982,"AKL16","VIE17","AKL16_vs_VIE17",0.999608200009579,"Eukarya_Family",4,"5761Eukarya_Family"
"31",5761,0.997415850353667,"p",23.1478670500532,"AKL16","ZRH17","AKL16_vs_ZRH17",0.999349394693913,"Eukarya_Family",4,"5761Eukarya_Family"
"32",5761,0.996206839907159,"p",24.667108362165,"BAL17","DEN17","BAL17_vs_DEN17",0.996206839907159,"Eukarya_Family",4,"5761Eukarya_Family"
"33",5761,0.0985544236983366,"p",49.8727191579209,"BAL17","DOH17","BAL17_vs_DOH17",0.197108847396673,"Eukarya_Genus",3,"5761Eukarya_Genus"
"34",5761,0.917442258909646,"p",64.5274170473401,"BAL17","ILR17","BAL17_vs_ILR17",0.999256777023469,"Eukarya_Family",4,"5761Eukarya_Family"
"35",5761,0.00081703238568491,"p",41.2929493657579,"BAL17","MIN17","BAL17_vs_MIN17",0.00163406477136982,"Eukarya_Genus",3,"5761Eukarya_Genus"
"36",5761,0.000132680895111303,"p",46.343177418593,"BAL17","NYC17","BAL17_vs_NYC17",0.000265361790222607,"Eukarya_Genus",3,"5761Eukarya_Genus"
"37",5761,0.093644083722227,"p",39.6417592061106,"BAL17","SAN17","BAL17_vs_SAN17",0.280932251166681,"Eukarya_Genus",3,"5761Eukarya_Genus"
"38",5761,0.996756855371433,"p",24.667108346633,"BAL17","SAO17","BAL17_vs_SAO17",0.997383880459534,"Eukarya_Family",5,"5761Eukarya_Family"
"39",5761,0.995548671208307,"p",24.6671083741741,"BAL17","TOK17","BAL17_vs_TOK17",0.995548671208307,"Eukarya_Family",4,"5761Eukarya_Family"
"40",5761,0.0116178020363791,"p",38.8068467192522,"BAL17","VIE17","BAL17_vs_VIE17",0.0232356040727583,"Eukarya_Genus",3,"5761Eukarya_Genus"
"41",5761,0.0281034336422889,"p",43.8149753300072,"BAL17","ZRH17","BAL17_vs_ZRH17",0.0562068672845779,"Eukarya_Genus",3,"5761Eukarya_Genus"
"42",5761,1.75775209142472e-12,"p",192.607942011394,"BER16","BAL17","BER16_vs_BAL17",5.27325627427417e-12,"Eukarya_Genus",3,"5761Eukarya_Genus"
"43",5761,0.0559526683013839,"p",237.689752005386,"BER16","BOG16","BER16_vs_BOG16",0.223810673205536,"Eukarya_Genus",3,"5761Eukarya_Genus"
"44",5761,1.37473108454048e-14,"p",204.788157904568,"BER16","DEN16","BER16_vs_DEN16",4.12419325362145e-14,"Eukarya_Genus",3,"5761Eukarya_Genus"
"45",5761,0.992529037772342,"p",171.940834033435,"BER16","DEN17","BER16_vs_DEN17",0.999388522331433,"Eukarya_Family",5,"5761Eukarya_Family"
"46",5761,0.991339174550889,"p",171.940834149579,"BER16","DOH16","BER16_vs_DOH16",0.999290971384014,"Eukarya_Family",5,"5761Eukarya_Family"
"47",5761,0.000725685710626976,"p",197.146444536582,"BER16","DOH17","BER16_vs_DOH17",0.00217705713188093,"Eukarya_Genus",3,"5761Eukarya_Genus"
"48",5761,0.993870627181144,"p",171.94083404821,"BER16","ILR16","BER16_vs_ILR16",0.999839007659188,"Eukarya_Family",5,"5761Eukarya_Family"
"49",5761,1.28080886622057e-10,"p",211.801142426001,"BER16","ILR17","BER16_vs_ILR17",3.84242659866172e-10,"Eukarya_Genus",3,"5761Eukarya_Genus"
"50",5761,7.31109007710137e-20,"p",188.566674744419,"BER16","MIN17","BER16_vs_MIN17",2.19332702313041e-19,"Eukarya_Genus",3,"5761Eukarya_Genus"
"51",5761,0.160030340316704,"p",327.454059451856,"BER16","NYC16","BER16_vs_NYC16",0.640121361266816,"Eukarya_Genus",3,"5761Eukarya_Genus"
"52",5761,0.374847635920275,"p",193.616902797254,"BER16","NYC17","BER16_vs_NYC17",0.998760795104505,"Eukarya_Family",5,"5761Eukarya_Family"
"53",5761,1.04608792439382e-43,"p",209.264080991015,"BER16","SAC16","BER16_vs_SAC16",3.13826377318146e-43,"Eukarya_Genus",3,"5761Eukarya_Genus"
"54",5761,4.0699667962414e-10,"p",186.915484584772,"BER16","SAN17","BER16_vs_SAN17",1.22099003887242e-09,"Eukarya_Genus",3,"5761Eukarya_Genus"
"55",5761,4.55337696280443e-05,"p",237.313535461279,"BER16","TOK16","BER16_vs_TOK16",0.000136601308884133,"Eukarya_Genus",3,"5761Eukarya_Genus"
"56",5761,0.991090675483206,"p",171.940834122171,"BER16","TOK17","BER16_vs_TOK17",0.99895759641262,"Eukarya_Family",5,"5761Eukarya_Family"
"57",5761,0.107804926895243,"p",186.080572097913,"BER16","VIE17","BER16_vs_VIE17",0.323414780685728,"Eukarya_Genus",3,"5761Eukarya_Genus"
"58",5761,0.00587305816097668,"p",191.088700708668,"BER16","ZRH17","BER16_vs_ZRH17",0.01761917448293,"Eukarya_Genus",3,"5761Eukarya_Genus"
"59",5761,2.22400310006009e-09,"p",90.4160266267246,"BOG16","BAL17","BOG16_vs_BAL17",8.89601240024034e-09,"Eukarya_Genus",3,"5761Eukarya_Genus"
"60",5761,3.14080544147299e-11,"p",102.596242519899,"BOG16","DEN16","BOG16_vs_DEN16",1.25632217658919e-10,"Eukarya_Genus",3,"5761Eukarya_Genus"
"61",5761,0.994960219757745,"p",69.7489184348512,"BOG16","DEN17","BOG16_vs_DEN17",0.998913946312408,"Eukarya_Phylum",2,"5761Eukarya_Phylum"
"62",5761,0.994157696674842,"p",69.7489184775782,"BOG16","DOH16","BOG16_vs_DOH16",0.99874135652952,"Eukarya_Phylum",2,"5761Eukarya_Phylum"
"63",5761,0.0118746593131466,"p",94.9545291519124,"BOG16","DOH17","BOG16_vs_DOH17",0.0474986372525866,"Eukarya_Genus",3,"5761Eukarya_Genus"
"64",5761,0.995762971283708,"p",69.7489184402867,"BOG16","ILR16","BOG16_vs_ILR16",0.999713646072384,"Eukarya_Phylum",2,"5761Eukarya_Phylum"
"65",5761,6.1244108638963e-08,"p",109.609227041332,"BOG16","ILR17","BOG16_vs_ILR17",2.44976434555852e-07,"Eukarya_Genus",3,"5761Eukarya_Genus"
"66",5761,8.50841481585847e-17,"p",86.3747593597494,"BOG16","MIN17","BOG16_vs_MIN17",3.40336592634339e-16,"Eukarya_Genus",3,"5761Eukarya_Genus"
"67",5761,0.618361746598489,"p",225.262144067186,"BOG16","NYC16","BOG16_vs_NYC16",0.998815227491969,"Eukarya_Phylum",2,"5761Eukarya_Phylum"
"68",5761,0.996331327666078,"p",91.4249874125845,"BOG16","NYC17","BOG16_vs_NYC17",0.999761432606093,"Eukarya_Phylum",2,"5761Eukarya_Phylum"
"69",5761,2.15660123404521e-37,"p",107.072165606345,"BOG16","SAC16","BOG16_vs_SAC16",8.62640493618084e-37,"Eukarya_Genus",3,"5761Eukarya_Genus"
"70",5761,2.83635107810214e-08,"p",84.7235692001021,"BOG16","SAN17","BOG16_vs_SAN17",1.13454043124086e-07,"Eukarya_Genus",3,"5761Eukarya_Genus"
"71",5761,1.07572929979184e-09,"p",135.121620076609,"BOG16","TOK16","BOG16_vs_TOK16",4.30291719916735e-09,"Eukarya_Genus",3,"5761Eukarya_Genus"
"72",5761,0.994025008712611,"p",69.7489184674951,"BOG16","TOK17","BOG16_vs_TOK17",0.998154017432021,"Eukarya_Phylum",2,"5761Eukarya_Phylum"
"73",5761,0.383426730658603,"p",83.8886567132437,"BOG16","VIE17","BOG16_vs_VIE17",0.998440722543327,"Eukarya_Phylum",2,"5761Eukarya_Phylum"
"74",5761,0.0595771138856285,"p",88.8967853239987,"BOG16","ZRH17","BOG16_vs_ZRH17",0.238308455542514,"Eukarya_Genus",3,"5761Eukarya_Genus"
"75",5761,0.606200659623186,"p",57.5144325259074,"DEN16","BAL17","DEN16_vs_BAL17",0.995968065963744,"Eukarya_Family",4,"5761Eukarya_Family"
"76",5761,0.993976692885511,"p",36.847324334034,"DEN16","DEN17","DEN16_vs_DEN17",0.993976692885511,"Eukarya_Family",4,"5761Eukarya_Family"
"77",5761,0.995534357262736,"p",36.8473242710577,"DEN16","DOH16","DEN16_vs_DOH16",0.995534357262736,"Eukarya_Family",4,"5761Eukarya_Family"
"78",5761,0.0381897475201603,"p",62.0529350510952,"DEN16","DOH17","DEN16_vs_DOH17",0.0763794950403206,"Eukarya_Genus",3,"5761Eukarya_Genus"
"79",5761,0.994758196447593,"p",36.8473243394695,"DEN16","ILR16","DEN16_vs_ILR16",0.994829853729182,"Eukarya_Family",4,"5761Eukarya_Family"
"80",5761,0.551725974171989,"p",76.7076329405144,"DEN16","ILR17","DEN16_vs_ILR17",0.995383755939618,"Eukarya_Family",4,"5761Eukarya_Family"
"81",5761,0.9965883968092,"p",36.8473242720508,"DEN16","LIS16","DEN16_vs_LIS16",0.9965883968092,"Eukarya_Phylum",4,"5761Eukarya_Phylum"
"82",5761,0.0034329152801919,"p",53.4731652589322,"DEN16","MIN17","DEN16_vs_MIN17",0.00686583056038379,"Eukarya_Genus",3,"5761Eukarya_Genus"
"83",5761,5.34219710528405e-12,"p",192.360549966369,"DEN16","NYC16","DEN16_vs_NYC16",1.60265913158521e-11,"Eukarya_Genus",3,"5761Eukarya_Genus"
"84",5761,2.21158089074112e-05,"p",58.5233933117673,"DEN16","NYC17","DEN16_vs_NYC17",4.42316178148225e-05,"Eukarya_Genus",3,"5761Eukarya_Genus"
"85",5761,0.00192809562033076,"p",74.1705715055279,"DEN16","SAC16","DEN16_vs_SAC16",0.00385619124066151,"Eukarya_Genus",3,"5761Eukarya_Genus"
"86",5761,0.18953509528248,"p",51.8219750992849,"DEN16","SAN17","DEN16_vs_SAN17",0.568605285847441,"Eukarya_Genus",3,"5761Eukarya_Genus"
"87",5761,0.994840379520289,"p",36.8473242918135,"DEN16","SAO17","DEN16_vs_SAO17",0.997107740727473,"Eukarya_Family",5,"5761Eukarya_Family"
"88",5761,7.15131795649958e-25,"p",102.220025975792,"DEN16","TOK16","DEN16_vs_TOK16",1.43026359129992e-24,"Eukarya_Genus",3,"5761Eukarya_Genus"
"89",5761,0.995482109106896,"p",36.8473242673483,"DEN16","TOK17","DEN16_vs_TOK17",0.995482109106896,"Eukarya_Family",4,"5761Eukarya_Family"
"90",5761,0.00387606057417036,"p",50.9870626124265,"DEN16","VIE17","DEN16_vs_VIE17",0.00775212114834071,"Eukarya_Genus",3,"5761Eukarya_Genus"
"91",5761,0.00887678203644874,"p",55.9951912231815,"DEN16","ZRH17","DEN16_vs_ZRH17",0.0177535640728975,"Eukarya_Genus",3,"5761Eukarya_Genus"
"92",5761,0.996439358682203,"p",29.2056108873528,"DEN17","DOH17","DEN17_vs_DOH17",0.996439358682203,"Eukarya_Family",4,"5761Eukarya_Family"
"93",5761,0.994094971643702,"p",43.8603088554667,"DEN17","ILR17","DEN17_vs_ILR17",0.994094971643702,"Eukarya_Family",4,"5761Eukarya_Family"
"94",5761,0.99573572412375,"p",20.6258410951899,"DEN17","MIN17","DEN17_vs_MIN17",0.99573572412375,"Eukarya_Family",4,"5761Eukarya_Family"
"95",5761,0.996744698147129,"p",25.6760691480249,"DEN17","NYC17","DEN17_vs_NYC17",0.999031913421468,"Eukarya_Family",4,"5761Eukarya_Family"
"96",5761,0.996616995742669,"p",18.1397384486842,"DEN17","VIE17","DEN17_vs_VIE17",0.998294814205356,"Eukarya_Family",4,"5761Eukarya_Family"
"97",5761,0.996515918499925,"p",23.1478670594392,"DEN17","ZRH17","DEN17_vs_ZRH17",0.997199066384959,"Eukarya_Family",4,"5761Eukarya_Family"
"98",5761,0.995603021738765,"p",24.6671083778834,"DOH16","BAL17","DOH16_vs_BAL17",0.995603021738765,"Eukarya_Family",4,"5761Eukarya_Family"
"99",5761,0.995872502651914,"p",29.2056109030712,"DOH16","DOH17","DOH16_vs_DOH17",0.995872502651914,"Eukarya_Family",4,"5761Eukarya_Family"
"100",5761,0.993154909686096,"p",43.8603088981937,"DOH16","ILR17","DOH16_vs_ILR17",0.993154909686096,"Eukarya_Family",4,"5761Eukarya_Family"
"101",5761,0.995057015886805,"p",20.6258411109082,"DOH16","MIN17","DOH16_vs_MIN17",0.995057015886805,"Eukarya_Family",4,"5761Eukarya_Family"
"102",5761,0.991081622896425,"p",159.51322621138,"DOH16","NYC16","DOH16_vs_NYC16",0.998938214323307,"Eukarya_Family",5,"5761Eukarya_Family"
"103",5761,0.996226380305889,"p",25.6760691637433,"DOH16","NYC17","DOH16_vs_NYC17",0.998892828981392,"Eukarya_Family",4,"5761Eukarya_Family"
"104",5761,0.995171257461334,"p",41.3232473575039,"DOH16","SAC16","DOH16_vs_SAC16",0.995171257461334,"Eukarya_Family",4,"5761Eukarya_Family"
"105",5761,0.994852234698601,"p",69.3727019334714,"DOH16","TOK16","DOH16_vs_TOK16",0.999810210354597,"Eukarya_Family",4,"5761Eukarya_Family"
"106",5761,0.997481476778928,"p",18.1397384255165,"DOH16","VIE17","DOH16_vs_VIE17",0.998090559422232,"Eukarya_Family",4,"5761Eukarya_Family"
"107",5761,0.995961232760076,"p",23.1478670751575,"DOH16","ZRH17","DOH16_vs_ZRH17",0.996872562251814,"Eukarya_Family",4,"5761Eukarya_Family"
"108",5761,0.130148293520963,"p",69.0659195725279,"DOH17","ILR17","DOH17_vs_ILR17",0.260296587041927,"Eukarya_Genus",3,"5761Eukarya_Genus"
"109",5761,1.49678761382026e-05,"p",45.8314518909457,"DOH17","MIN17","DOH17_vs_MIN17",2.99357522764051e-05,"Eukarya_Genus",3,"5761Eukarya_Genus"
"110",5761,0.0602968375031663,"p",50.8816799437808,"DOH17","NYC17","DOH17_vs_NYC17",0.120593675006333,"Eukarya_Genus",3,"5761Eukarya_Genus"
"111",5761,0.00545271920511972,"p",44.1802617312985,"DOH17","SAN17","DOH17_vs_SAN17",0.0163581576153592,"Eukarya_Genus",3,"5761Eukarya_Genus"
"112",5761,0.995231429308867,"p",29.205610923827,"DOH17","SAO17","DOH17_vs_SAO17",0.997292679813042,"Eukarya_Family",5,"5761Eukarya_Family"
"113",5761,0.995809901130849,"p",29.2056108993619,"DOH17","TOK17","DOH17_vs_TOK17",0.995809901130849,"Eukarya_Family",4,"5761Eukarya_Family"
"114",5761,0.328303329664418,"p",43.34534924444,"DOH17","VIE17","DOH17_vs_VIE17",0.656606659328836,"Eukarya_Genus",3,"5761Eukarya_Genus"
"115",5761,0.637613237245096,"p",48.353477855195,"DOH17","ZRH17","DOH17_vs_ZRH17",0.998269840644655,"Eukarya_Family",4,"5761Eukarya_Family"
"116",5761,0.996677833200117,"p",24.6671083641646,"ILR16","BAL17","ILR16_vs_BAL17",0.996677833200117,"Eukarya_Family",4,"5761Eukarya_Family"
"117",5761,0.996915374363445,"p",29.2056108893524,"ILR16","DOH17","ILR16_vs_DOH17",0.998785541789952,"Eukarya_Family",4,"5761Eukarya_Family"
"118",5761,0.99487903053639,"p",43.8603088609022,"ILR16","ILR17","ILR16_vs_ILR17",0.996375835062418,"Eukarya_Family",4,"5761Eukarya_Family"
"119",5761,0.99619654125503,"p",20.6258410971895,"ILR16","MIN17","ILR16_vs_MIN17",0.99619654125503,"Eukarya_Family",4,"5761Eukarya_Family"
"120",5761,0.993643595968366,"p",159.513226110011,"ILR16","NYC16","ILR16_vs_NYC16",0.99975853057637,"Eukarya_Family",5,"5761Eukarya_Family"
"121",5761,0.997227309084574,"p",25.6760691500245,"ILR16","NYC17","ILR16_vs_NYC17",0.999734920378464,"Eukarya_Family",4,"5761Eukarya_Family"
"122",5761,0.996297242711285,"p",41.3232473437851,"ILR16","SAC16","ILR16_vs_SAC16",0.996297242711285,"Eukarya_Family",4,"5761Eukarya_Family"
"123",5761,0.996375193712677,"p",69.3727018961799,"ILR16","TOK16","ILR16_vs_TOK16",0.999957047328433,"Eukarya_Family",4,"5761Eukarya_Family"
"124",5761,0.997096848347131,"p",18.1397384506838,"ILR16","VIE17","ILR16_vs_VIE17",0.999499563972284,"Eukarya_Family",4,"5761Eukarya_Family"
"125",5761,0.996993587858746,"p",23.1478670614388,"ILR16","ZRH17","ILR16_vs_ZRH17",0.999169319902305,"Eukarya_Family",4,"5761Eukarya_Family"
"126",5761,0.000878926473867475,"p",60.486149780365,"ILR17","MIN17","ILR17_vs_MIN17",0.00175785294773495,"Eukarya_Genus",3,"5761Eukarya_Genus"
"127",5761,0.000301664051113134,"p",65.5363778332,"ILR17","NYC17","ILR17_vs_NYC17",0.000603328102226268,"Eukarya_Genus",3,"5761Eukarya_Genus"
"128",5761,0.0870717579138551,"p",58.8349596207177,"ILR17","SAN17","ILR17_vs_SAN17",0.261215273741565,"Eukarya_Genus",3,"5761Eukarya_Genus"
"129",5761,0.994936532990701,"p",43.8603088132462,"ILR17","SAO17","ILR17_vs_SAO17",0.996237926651939,"Eukarya_Family",5,"5761Eukarya_Family"
"130",5761,0.993052925906973,"p",43.8603088881107,"ILR17","TOK17","ILR17_vs_TOK17",0.993052925906973,"Eukarya_Family",4,"5761Eukarya_Family"
"131",5761,0.0169554515728852,"p",58.0000471338593,"ILR17","VIE17","ILR17_vs_VIE17",0.0339109031457703,"Eukarya_Genus",3,"5761Eukarya_Genus"
"132",5761,0.041336273767298,"p",63.0081757446143,"ILR17","ZRH17","ILR17_vs_ZRH17",0.082672547534596,"Eukarya_Genus",3,"5761Eukarya_Genus"
"133",5761,0.996657613736723,"p",24.6671083788765,"LIS16","BAL17","LIS16_vs_BAL17",0.996657613736723,"Eukarya_Phylum",4,"5761Eukarya_Phylum"
"134",5761,0.996929262729905,"p",29.2056109040643,"LIS16","DOH17","LIS16_vs_DOH17",0.996929262729905,"Eukarya_Phylum",4,"5761Eukarya_Phylum"
"135",5761,0.994896859182767,"p",43.8603089008932,"LIS16","ILR17","LIS16_vs_ILR17",0.994896859182767,"Eukarya_Phylum",4,"5761Eukarya_Phylum"
"136",5761,0.996107214675071,"p",20.6258411119013,"LIS16","MIN17","LIS16_vs_MIN17",0.996107214675071,"Eukarya_Phylum",4,"5761Eukarya_Phylum"
"137",5761,0.997285987292898,"p",25.6760691647364,"LIS16","NYC17","LIS16_vs_NYC17",0.997285987292898,"Eukarya_Phylum",4,"5761Eukarya_Phylum"
"138",5761,0.996222375492162,"p",41.3232473584969,"LIS16","SAC16","LIS16_vs_SAC16",0.996222375492162,"Eukarya_Phylum",4,"5761Eukarya_Phylum"
"139",5761,0.996607853376463,"p",69.3727019361709,"LIS16","TOK16","LIS16_vs_TOK16",0.996607853376463,"Eukarya_Phylum",4,"5761Eukarya_Phylum"
"140",5761,0.998122317198936,"p",18.1397384258818,"LIS16","VIE17","LIS16_vs_VIE17",0.998122317198936,"Eukarya_Phylum",4,"5761Eukarya_Phylum"
"141",5761,0.997018706679188,"p",23.1478670761506,"LIS16","ZRH17","LIS16_vs_ZRH17",0.997018706679188,"Eukarya_Phylum",4,"5761Eukarya_Phylum"
"142",5761,5.37561245337705e-10,"p",42.3019101516178,"MIN17","NYC17","MIN17_vs_NYC17",1.07512249067541e-09,"Eukarya_Genus",3,"5761Eukarya_Genus"
"143",5761,0.274345658039206,"p",35.6004919391355,"MIN17","SAN17","MIN17_vs_SAN17",0.823036974117619,"Eukarya_Genus",3,"5761Eukarya_Genus"
"144",5761,0.996373868248528,"p",20.6258410796578,"MIN17","SAO17","MIN17_vs_SAO17",0.997808377295767,"Eukarya_Family",5,"5761Eukarya_Family"
"145",5761,0.995019382985496,"p",20.6258411071989,"MIN17","TOK17","MIN17_vs_TOK17",0.995019382985496,"Eukarya_Family",4,"5761Eukarya_Family"
"146",5761,1.23698932647521e-06,"p",34.7655794522771,"MIN17","VIE17","MIN17_vs_VIE17",2.47397865295042e-06,"Eukarya_Genus",3,"5761Eukarya_Genus"
"147",5761,1.58538305682746e-06,"p",39.7737080630321,"MIN17","ZRH17","MIN17_vs_ZRH17",3.17076611365493e-06,"Eukarya_Genus",3,"5761Eukarya_Genus"
"148",5761,4.33442944320656e-10,"p",180.180334073195,"NYC16","BAL17","NYC16_vs_BAL17",1.30032883296197e-09,"Eukarya_Genus",3,"5761Eukarya_Genus"
"149",5761,0.992306809392561,"p",159.513226095236,"NYC16","DEN17","NYC16_vs_DEN17",0.999083909800696,"Eukarya_Family",5,"5761Eukarya_Family"
"150",5761,0.00629224870267025,"p",184.718836598383,"NYC16","DOH17","NYC16_vs_DOH17",0.0188767461080107,"Eukarya_Genus",3,"5761Eukarya_Genus"
"151",5761,1.47997222224857e-08,"p",199.373534487802,"NYC16","ILR17","NYC16_vs_ILR17",4.43991666674571e-08,"Eukarya_Genus",3,"5761Eukarya_Genus"
"152",5761,1.63506648242926e-17,"p",176.13906680622,"NYC16","MIN17","NYC16_vs_MIN17",4.90519944728777e-17,"Eukarya_Genus",3,"5761Eukarya_Genus"
"153",5761,0.824534138031425,"p",181.189294859055,"NYC16","NYC17","NYC16_vs_NYC17",0.999715149491401,"Eukarya_Family",5,"5761Eukarya_Family"
"154",5761,1.00865553880452e-38,"p",196.836473052815,"NYC16","SAC16","NYC16_vs_SAC16",3.02596661641356e-38,"Eukarya_Genus",3,"5761Eukarya_Genus"
"155",5761,1.04098597869365e-08,"p",174.487876646572,"NYC16","SAN17","NYC16_vs_SAN17",4.16394391477459e-08,"Eukarya_Genus",3,"5761Eukarya_Genus"
"156",5761,2.93634763150513e-08,"p",224.88592752308,"NYC16","TOK16","NYC16_vs_TOK16",8.8090428945154e-08,"Eukarya_Genus",3,"5761Eukarya_Genus"
"157",5761,0.990841010325986,"p",159.513226183971,"NYC16","TOK17","NYC16_vs_TOK17",0.998696171588097,"Eukarya_Family",5,"5761Eukarya_Family"
"158",5761,0.290355300474973,"p",173.652964159714,"NYC16","VIE17","NYC16_vs_VIE17",0.871065901424919,"Eukarya_Genus",3,"5761Eukarya_Genus"
"159",5761,0.035495266201251,"p",178.661092770469,"NYC16","ZRH17","NYC16_vs_ZRH17",0.106485798603753,"Eukarya_Genus",3,"5761Eukarya_Genus"
"160",5761,8.21092184405204e-06,"p",40.6507199919706,"NYC17","SAN17","NYC17_vs_SAN17",2.46327655321561e-05,"Eukarya_Genus",3,"5761Eukarya_Genus"
"161",5761,0.996152943714091,"p",25.676069160034,"NYC17","TOK17","NYC17_vs_TOK17",0.998464099783871,"Eukarya_Family",4,"5761Eukarya_Family"
"162",5761,0.482186566237223,"p",39.8158075051121,"NYC17","VIE17","NYC17_vs_VIE17",0.964373132474446,"Eukarya_Genus",3,"5761Eukarya_Genus"
"163",5761,0.159225852053043,"p",44.8239361158671,"NYC17","ZRH17","NYC17_vs_ZRH17",0.318451704106085,"Eukarya_Genus",3,"5761Eukarya_Genus"
"164",5761,0.00022630204828304,"p",61.9903556123536,"SAC16","BAL17","SAC16_vs_BAL17",0.000452604096566079,"Eukarya_Genus",3,"5761Eukarya_Genus"
"165",5761,0.995834296400981,"p",41.3232473417855,"SAC16","DEN17","SAC16_vs_DEN17",0.995834296400981,"Eukarya_Family",4,"5761Eukarya_Family"
"166",5761,3.0614178161033e-06,"p",66.5288581375414,"SAC16","DOH17","SAC16_vs_DOH17",6.12283563220661e-06,"Eukarya_Genus",3,"5761Eukarya_Genus"
"167",5761,0.000335457366865066,"p",81.1835560269606,"SAC16","ILR17","SAC16_vs_ILR17",0.000670914733730131,"Eukarya_Genus",3,"5761Eukarya_Genus"
"168",5761,0.447105489258427,"p",57.9490883453784,"SAC16","MIN17","SAC16_vs_MIN17",0.894210978516855,"Eukarya_Genus",3,"5761Eukarya_Genus"
"169",5761,2.18332136714177e-12,"p",62.9993163982135,"SAC16","NYC17","SAC16_vs_NYC17",4.36664273428354e-12,"Eukarya_Genus",3,"5761Eukarya_Genus"
"170",5761,0.994420471443572,"p",41.3232473782597,"SAC16","SAO17","SAC16_vs_SAO17",0.997458915049816,"Eukarya_Family",5,"5761Eukarya_Family"
"171",5761,5.96359341985139e-64,"p",106.695949062238,"SAC16","TOK16","SAC16_vs_TOK16",1.19271868397028e-63,"Eukarya_Genus",3,"5761Eukarya_Genus"
"172",5761,0.995130126712338,"p",41.3232473537945,"SAC16","TOK17","SAC16_vs_TOK17",0.995130126712338,"Eukarya_Family",4,"5761Eukarya_Family"
"173",5761,3.13596195728322e-07,"p",55.4629856988727,"SAC16","VIE17","SAC16_vs_VIE17",6.27192391456643e-07,"Eukarya_Genus",3,"5761Eukarya_Genus"
"174",5761,1.4625501005851e-07,"p",60.4711143096277,"SAC16","ZRH17","SAC16_vs_ZRH17",2.92510020117019e-07,"Eukarya_Genus",3,"5761Eukarya_Genus"
"175",5761,0.000605036342496794,"p",33.1143892926298,"SAN17","VIE17","SAN17_vs_VIE17",0.00181510902749038,"Eukarya_Genus",3,"5761Eukarya_Genus"
"176",5761,0.00137225259349955,"p",38.1225179033848,"SAN17","ZRH17","SAN17_vs_ZRH17",0.00411675778049864,"Eukarya_Genus",3,"5761Eukarya_Genus"
"177",5761,4.33245644910019e-22,"p",90.0398100826178,"TOK16","BAL17","TOK16_vs_BAL17",8.66491289820039e-22,"Eukarya_Genus",3,"5761Eukarya_Genus"
"178",5761,0.99555949605644,"p",69.3727018907444,"TOK16","DEN17","TOK16_vs_DEN17",0.99983646761546,"Eukarya_Family",4,"5761Eukarya_Family"
"179",5761,6.52993764979523e-08,"p",94.5783126078056,"TOK16","DOH17","TOK16_vs_DOH17",1.30598752995905e-07,"Eukarya_Genus",3,"5761Eukarya_Genus"
"180",5761,6.79201507734539e-19,"p",109.233010497225,"TOK16","ILR17","TOK16_vs_ILR17",1.35840301546908e-18,"Eukarya_Genus",3,"5761Eukarya_Genus"
"181",5761,1.35419174842239e-28,"p",85.9985428156427,"TOK16","MIN17","TOK16_vs_MIN17",2.70838349684478e-28,"Eukarya_Genus",3,"5761Eukarya_Genus"
"182",5761,0.00333627636951465,"p",91.0487708684777,"TOK16","NYC17","TOK16_vs_NYC17",0.00667255273902931,"Eukarya_Genus",3,"5761Eukarya_Genus"
"183",5761,2.21426293721727e-15,"p",84.3473526559954,"TOK16","SAN17","TOK16_vs_SAN17",6.6427888116518e-15,"Eukarya_Genus",3,"5761Eukarya_Genus"
"184",5761,0.994698280728138,"p",69.3727019233884,"TOK16","TOK17","TOK16_vs_TOK17",0.99971984330743,"Eukarya_Family",4,"5761Eukarya_Family"
"185",5761,0.000914701181946153,"p",83.512440169137,"TOK16","VIE17","TOK16_vs_VIE17",0.00182940236389231,"Eukarya_Genus",3,"5761Eukarya_Genus"
"186",5761,1.71282027156619e-06,"p",88.520568779892,"TOK16","ZRH17","TOK16_vs_ZRH17",3.42564054313238e-06,"Eukarya_Genus",3,"5761Eukarya_Genus"
"187",5761,0.996009472686018,"p",18.1397384606932,"TOK17","VIE17","TOK17_vs_VIE17",0.997543023179084,"Eukarya_Family",4,"5761Eukarya_Family"
"188",5761,0.995895914485392,"p",23.1478670714482,"TOK17","ZRH17","TOK17_vs_ZRH17",0.996012607355819,"Eukarya_Family",4,"5761Eukarya_Family"
"189",5761,0.578045059974987,"p",37.2876054165264,"VIE17","ZRH17","VIE17_vs_ZRH17",0.998326922955154,"Eukarya_Family",4,"5761Eukarya_Family"
"190",9606,0.996952481965101,"p",204.042909818967,"AKL16","BAL17","AKL16_vs_BAL17",0.997140255684536,"Eukarya_Genus",5,"9606Eukarya_Genus"
"191",9606,0.999874402649884,"p",263.73914660461,"AKL16","BER16","AKL16_vs_BER16",0.999874402649884,"Eukarya_Family",4,"9606Eukarya_Family"
"192",9606,0.999776593030559,"p",289.235341567889,"AKL16","BOG16","AKL16_vs_BOG16",0.999776593030559,"Eukarya_Family",5,"9606Eukarya_Family"
"193",9606,0.99591664641876,"p",281.157667694421,"AKL16","DEN16","AKL16_vs_DEN16",0.99591664641876,"Eukarya_Genus",5,"9606Eukarya_Genus"
"194",9606,0.999999999999985,"p",272.494437546583,"AKL16","DEN17","AKL16_vs_DEN17",0.999999999999985,"Eukarya_Genus",5,"9606Eukarya_Genus"
"195",9606,0.999999999999991,"p",204.667399934194,"AKL16","DOH16","AKL16_vs_DOH16",0.999999999999991,"Eukarya_Genus",5,"9606Eukarya_Genus"
"196",9606,0.999047052868626,"p",217.431821487213,"AKL16","DOH17","AKL16_vs_DOH17",0.999047052868626,"Eukarya_Genus",5,"9606Eukarya_Genus"
"197",9606,0.999999999999993,"p",183.819391569867,"AKL16","ILR16","AKL16_vs_ILR16",0.999999999999993,"Eukarya_Genus",5,"9606Eukarya_Genus"
"198",9606,0.997143191566097,"p",236.577771778427,"AKL16","ILR17","AKL16_vs_ILR17",0.997143191566097,"Eukarya_Genus",5,"9606Eukarya_Genus"
"199",9606,0.972693697416852,"p",135.752787482525,"AKL16","LIS16","AKL16_vs_LIS16",0.972693697416852,"Eukarya_Genus",5,"9606Eukarya_Genus"
"200",9606,0.974267994880177,"p",121.98066257762,"AKL16","MIN17","AKL16_vs_MIN17",0.996720177747318,"Eukarya_Genus",5,"9606Eukarya_Genus"
"201",9606,0.999811612545038,"p",412.905668157728,"AKL16","NYC16","AKL16_vs_NYC16",0.999811612545038,"Eukarya_Family",4,"9606Eukarya_Family"
"202",9606,0.999792953035217,"p",299.448788800449,"AKL16","NYC17","AKL16_vs_NYC17",0.999792953035217,"Eukarya_Genus",5,"9606Eukarya_Genus"
"203",9606,0.980893722387943,"p",212.030060384095,"AKL16","SAC16","AKL16_vs_SAC16",0.995030065022384,"Eukarya_Genus",5,"9606Eukarya_Genus"
"204",9606,0.99477699016792,"p",190.702503958644,"AKL16","SAN17","AKL16_vs_SAN17",0.997020272242678,"Eukarya_Order",3,"9606Eukarya_Order"
"205",9606,0.999600264733452,"p",299.10513006329,"AKL16","SAO17","AKL16_vs_SAO17",0.999600264733452,"Eukarya_Order",5,"9606Eukarya_Order"
"206",9606,0.999966493022669,"p",441.481696146834,"AKL16","TOK16","AKL16_vs_TOK16",0.999966493022669,"Eukarya_Genus",5,"9606Eukarya_Genus"
"207",9606,0.999999999999992,"p",320.664649282266,"AKL16","TOK17","AKL16_vs_TOK17",0.999999999999992,"Eukarya_Genus",5,"9606Eukarya_Genus"
"208",9606,0.999608200009579,"p",243.4599072294,"AKL16","VIE17","AKL16_vs_VIE17",0.999608200009579,"Eukarya_Genus",5,"9606Eukarya_Genus"
"209",9606,0.999349394693913,"p",239.635310009947,"AKL16","ZRH17","AKL16_vs_ZRH17",0.999349394693913,"Eukarya_Genus",5,"9606Eukarya_Genus"
"210",9606,0.988474958822261,"p",330.923169640948,"BAL17","DEN17","BAL17_vs_DEN17",0.996206839907159,"Eukarya_Genus",5,"9606Eukarya_Genus"
"211",9606,0.990360814939629,"p",275.860553581577,"BAL17","DOH17","BAL17_vs_DOH17",0.990360814939629,"Eukarya_Family",5,"9606Eukarya_Family"
"212",9606,0.999256777023469,"p",295.006503872791,"BAL17","ILR17","BAL17_vs_ILR17",0.999256777023469,"Eukarya_Genus",5,"9606Eukarya_Genus"
"213",9606,0.963577655969535,"p",180.409394671985,"BAL17","MIN17","BAL17_vs_MIN17",0.963577655969535,"Eukarya_Family",5,"9606Eukarya_Family"
"214",9606,0.984393484059856,"p",357.877520894814,"BAL17","NYC17","BAL17_vs_NYC17",0.984393484059856,"Eukarya_Family",5,"9606Eukarya_Family"
"215",9606,0.990208503918892,"p",249.130016610125,"BAL17","SAN17","BAL17_vs_SAN17",0.996989440622977,"Eukarya_Class",4,"9606Eukarya_Class"
"216",9606,0.988407138659996,"p",357.533862157655,"BAL17","SAO17","BAL17_vs_SAO17",0.997383880459534,"Eukarya_Family",4,"9606Eukarya_Family"
"217",9606,0.985312192910574,"p",379.093381376631,"BAL17","TOK17","BAL17_vs_TOK17",0.995548671208307,"Eukarya_Genus",5,"9606Eukarya_Genus"
"218",9606,0.986776828734176,"p",301.888639323765,"BAL17","VIE17","BAL17_vs_VIE17",0.986776828734176,"Eukarya_Family",5,"9606Eukarya_Family"
"219",9606,0.988227922050828,"p",298.064042104312,"BAL17","ZRH17","BAL17_vs_ZRH17",0.988227922050828,"Eukarya_Family",5,"9606Eukarya_Family"
"220",9606,0.982998283608086,"p",322.167878698975,"BER16","BAL17","BER16_vs_BAL17",0.99870495409562,"Eukarya_Phylum",4,"9606Eukarya_Phylum"
"221",9606,0.996473652860196,"p",407.360310447896,"BER16","BOG16","BER16_vs_BOG16",0.997424030887339,"Eukarya_Phylum",4,"9606Eukarya_Phylum"
"222",9606,0.980028870982768,"p",399.282636574428,"BER16","DEN16","BER16_vs_DEN16",0.998578662230325,"Eukarya_Phylum",4,"9606Eukarya_Phylum"
"223",9606,0.999388522331433,"p",390.619406426591,"BER16","DEN17","BER16_vs_DEN17",0.999388522331433,"Eukarya_Family",4,"9606Eukarya_Family"
"224",9606,0.999290971384014,"p",322.792368814201,"BER16","DOH16","BER16_vs_DOH16",0.999290971384014,"Eukarya_Family",4,"9606Eukarya_Family"
"225",9606,0.993943653515228,"p",335.55679036722,"BER16","DOH17","BER16_vs_DOH17",0.998523678318335,"Eukarya_Phylum",4,"9606Eukarya_Phylum"
"226",9606,0.999839007659188,"p",301.944360449874,"BER16","ILR16","BER16_vs_ILR16",0.999839007659188,"Eukarya_Family",4,"9606Eukarya_Family"
"227",9606,0.984991266322379,"p",354.702740658434,"BER16","ILR17","BER16_vs_ILR17",0.998803410439134,"Eukarya_Phylum",4,"9606Eukarya_Phylum"
"228",9606,0.968860238929369,"p",253.871480724787,"BER16","LIS16","BER16_vs_LIS16",0.999141642672672,"Eukarya_Order",3,"9606Eukarya_Order"
"229",9606,0.959049192707281,"p",240.105631457628,"BER16","MIN17","BER16_vs_MIN17",0.998965657341915,"Eukarya_Phylum",4,"9606Eukarya_Phylum"
"230",9606,0.997695748210138,"p",531.030637037735,"BER16","NYC16","BER16_vs_NYC16",0.998359036905874,"Eukarya_Phylum",4,"9606Eukarya_Phylum"
"231",9606,0.998760795104505,"p",417.573757680457,"BER16","NYC17","BER16_vs_NYC17",0.998760795104505,"Eukarya_Family",4,"9606Eukarya_Family"
"232",9606,0.939041626033985,"p",330.155029264103,"BER16","SAC16","BER16_vs_SAC16",0.998765383854275,"Eukarya_Phylum",4,"9606Eukarya_Phylum"
"233",9606,0.995518461251222,"p",559.606665026841,"BER16","TOK16","BER16_vs_TOK16",0.997905770255874,"Eukarya_Phylum",4,"9606Eukarya_Phylum"
"234",9606,0.99895759641262,"p",438.789618162274,"BER16","TOK17","BER16_vs_TOK17",0.99895759641262,"Eukarya_Family",4,"9606Eukarya_Family"
"235",9606,0.997532877641987,"p",361.584876109407,"BER16","VIE17","BER16_vs_VIE17",0.998384417275705,"Eukarya_Phylum",4,"9606Eukarya_Phylum"
"236",9606,0.995373338068815,"p",357.760278889954,"BER16","ZRH17","BER16_vs_ZRH17",0.998297144477129,"Eukarya_Phylum",4,"9606Eukarya_Phylum"
"237",9606,0.983594043719762,"p",347.664073662254,"BOG16","BAL17","BOG16_vs_BAL17",0.997960276575992,"Eukarya_Phylum",4,"9606Eukarya_Phylum"
"238",9606,0.980543617714129,"p",424.778831537707,"BOG16","DEN16","BOG16_vs_DEN16",0.997765535787001,"Eukarya_Phylum",4,"9606Eukarya_Phylum"
"239",9606,0.998913946312408,"p",416.11560138987,"BOG16","DEN17","BOG16_vs_DEN17",0.998913946312408,"Eukarya_Family",5,"9606Eukarya_Family"
"240",9606,0.99874135652952,"p",348.28856377748,"BOG16","DOH16","BOG16_vs_DOH16",0.99874135652952,"Eukarya_Family",5,"9606Eukarya_Family"
"241",9606,0.994670555272027,"p",361.052985330499,"BOG16","DOH17","BOG16_vs_DOH17",0.997672968459837,"Eukarya_Phylum",4,"9606Eukarya_Phylum"
"242",9606,0.999713646072384,"p",327.440555413153,"BOG16","ILR16","BOG16_vs_ILR16",0.999713646072384,"Eukarya_Family",5,"9606Eukarya_Family"
"243",9606,0.985547176919155,"p",380.198935621713,"BOG16","ILR17","BOG16_vs_ILR17",0.998115079453128,"Eukarya_Phylum",4,"9606Eukarya_Phylum"
"244",9606,0.96886630743519,"p",279.373671864301,"BOG16","LIS16","BOG16_vs_LIS16",0.998677317557204,"Eukarya_Order",4,"9606Eukarya_Order"
"245",9606,0.959175153125823,"p",265.601826420907,"BOG16","MIN17","BOG16_vs_MIN17",0.998391160360425,"Eukarya_Phylum",4,"9606Eukarya_Phylum"
"246",9606,0.998815227491969,"p",556.526832001014,"BOG16","NYC16","BOG16_vs_NYC16",0.998815227491969,"Eukarya_Phylum",1,"9606Eukarya_Phylum"
"247",9606,0.999761432606093,"p",443.069952643736,"BOG16","NYC17","BOG16_vs_NYC17",0.999761432606093,"Eukarya_Family",5,"9606Eukarya_Family"
"248",9606,0.939376601702486,"p",355.651224227382,"BOG16","SAC16","BOG16_vs_SAC16",0.998064789463608,"Eukarya_Phylum",4,"9606Eukarya_Phylum"
"249",9606,0.991927083914253,"p",585.10285999012,"BOG16","TOK16","BOG16_vs_TOK16",0.997869745904565,"Eukarya_Phylum",4,"9606Eukarya_Phylum"
"250",9606,0.998154017432021,"p",464.285813125553,"BOG16","TOK17","BOG16_vs_TOK17",0.998154017432021,"Eukarya_Family",5,"9606Eukarya_Family"
"251",9606,0.998440722543327,"p",387.081071072686,"BOG16","VIE17","BOG16_vs_VIE17",0.998440722543327,"Eukarya_Family",5,"9606Eukarya_Family"
"252",9606,0.996247611694265,"p",383.256473853233,"BOG16","ZRH17","BOG16_vs_ZRH17",0.998258154914599,"Eukarya_Phylum",4,"9606Eukarya_Phylum"
"253",9606,0.995968065963744,"p",339.586399788786,"DEN16","BAL17","DEN16_vs_BAL17",0.995968065963744,"Eukarya_Genus",5,"9606Eukarya_Genus"
"254",9606,0.985496331088876,"p",408.037927516402,"DEN16","DEN17","DEN16_vs_DEN17",0.993976692885511,"Eukarya_Genus",5,"9606Eukarya_Genus"
"255",9606,0.984440545490972,"p",340.210889904012,"DEN16","DOH16","DEN16_vs_DOH16",0.995534357262736,"Eukarya_Genus",5,"9606Eukarya_Genus"
"256",9606,0.986848913476664,"p",352.975311457031,"DEN16","DOH17","DEN16_vs_DOH17",0.986848913476664,"Eukarya_Family",5,"9606Eukarya_Family"
"257",9606,0.994829853729182,"p",319.362881539685,"DEN16","ILR16","DEN16_vs_ILR16",0.994829853729182,"Eukarya_Genus",5,"9606Eukarya_Genus"
"258",9606,0.995383755939618,"p",372.121261748245,"DEN16","ILR17","DEN16_vs_ILR17",0.995383755939618,"Eukarya_Genus",5,"9606Eukarya_Genus"
"259",9606,0.971314104030151,"p",271.296277452343,"DEN16","LIS16","DEN16_vs_LIS16",0.9965883968092,"Eukarya_Family",5,"9606Eukarya_Family"
"260",9606,0.965152286739518,"p",257.524152547439,"DEN16","MIN17","DEN16_vs_MIN17",0.965152286739518,"Eukarya_Family",5,"9606Eukarya_Family"
"261",9606,0.980364346494664,"p",548.449158127546,"DEN16","NYC16","DEN16_vs_NYC16",0.998550166941529,"Eukarya_Phylum",4,"9606Eukarya_Phylum"
"262",9606,0.981267255683273,"p",434.992278770268,"DEN16","NYC17","DEN16_vs_NYC17",0.981267255683273,"Eukarya_Family",5,"9606Eukarya_Family"
"263",9606,0.958515306543959,"p",347.573550353914,"DEN16","SAC16","DEN16_vs_SAC16",0.958515306543959,"Eukarya_Family",5,"9606Eukarya_Family"
"264",9606,0.990338501540632,"p",326.239531155822,"DEN16","SAN17","DEN16_vs_SAN17",0.996657593622341,"Eukarya_Class",4,"9606Eukarya_Class"
"265",9606,0.985161492316266,"p",434.648620033108,"DEN16","SAO17","DEN16_vs_SAO17",0.997107740727473,"Eukarya_Family",4,"9606Eukarya_Family"
"266",9606,0.979519443285377,"p",577.025186116653,"DEN16","TOK16","DEN16_vs_TOK16",0.979519443285377,"Eukarya_Family",5,"9606Eukarya_Family"
"267",9606,0.982206536028396,"p",456.208139252085,"DEN16","TOK17","DEN16_vs_TOK17",0.995482109106896,"Eukarya_Genus",5,"9606Eukarya_Genus"
"268",9606,0.983479962319969,"p",379.003397199218,"DEN16","VIE17","DEN16_vs_VIE17",0.983479962319969,"Eukarya_Family",5,"9606Eukarya_Family"
"269",9606,0.984801613828611,"p",375.178799979765,"DEN16","ZRH17","DEN16_vs_ZRH17",0.984801613828611,"Eukarya_Family",5,"9606Eukarya_Family"
"270",9606,0.996093713944468,"p",344.312081309194,"DEN17","DOH17","DEN17_vs_DOH17",0.996439358682203,"Eukarya_Genus",5,"9606Eukarya_Genus"
"271",9606,0.989452700070829,"p",363.458031600407,"DEN17","ILR17","DEN17_vs_ILR17",0.994094971643702,"Eukarya_Genus",5,"9606Eukarya_Genus"
"272",9606,0.960158203413514,"p",248.860922399601,"DEN17","MIN17","DEN17_vs_MIN17",0.99573572412375,"Eukarya_Genus",5,"9606Eukarya_Genus"
"273",9606,0.999031913421468,"p",426.32904862243,"DEN17","NYC17","DEN17_vs_NYC17",0.999031913421468,"Eukarya_Genus",5,"9606Eukarya_Genus"
"274",9606,0.990354229665587,"p",317.582763780624,"DEN17","SAN17","DEN17_vs_SAN17",0.997496971353518,"Eukarya_Order",3,"9606Eukarya_Order"
"275",9606,0.998420088277144,"p",425.985389885271,"DEN17","SAO17","DEN17_vs_SAO17",0.998420088277144,"Eukarya_Order",5,"9606Eukarya_Order"
"276",9606,0.999999999999973,"p",447.544909104247,"DEN17","TOK17","DEN17_vs_TOK17",0.999999999999973,"Eukarya_Genus",5,"9606Eukarya_Genus"
"277",9606,0.998294814205356,"p",370.340167051381,"DEN17","VIE17","DEN17_vs_VIE17",0.998294814205356,"Eukarya_Genus",5,"9606Eukarya_Genus"
"278",9606,0.997199066384959,"p",366.515569831928,"DEN17","ZRH17","DEN17_vs_ZRH17",0.997199066384959,"Eukarya_Genus",5,"9606Eukarya_Genus"
"279",9606,0.987498358399489,"p",263.096132028559,"DOH16","BAL17","DOH16_vs_BAL17",0.995603021738765,"Eukarya_Genus",5,"9606Eukarya_Genus"
"280",9606,0.999999999999981,"p",331.547659756175,"DOH16","DEN17","DOH16_vs_DEN17",0.999999999999981,"Eukarya_Genus",5,"9606Eukarya_Genus"
"281",9606,0.995690524867767,"p",276.485043696804,"DOH16","DOH17","DOH16_vs_DOH17",0.995872502651914,"Eukarya_Genus",5,"9606Eukarya_Genus"
"282",9606,0.999999999999782,"p",242.872613779458,"DOH16","ILR16","DOH16_vs_ILR16",0.999999999999782,"Eukarya_Genus",5,"9606Eukarya_Genus"
"283",9606,0.988609595822923,"p",295.630993988018,"DOH16","ILR17","DOH16_vs_ILR17",0.993154909686096,"Eukarya_Genus",5,"9606Eukarya_Genus"
"284",9606,0.969000296143033,"p",194.806009692116,"DOH16","LIS16","DOH16_vs_LIS16",0.969000296143033,"Eukarya_Genus",5,"9606Eukarya_Genus"
"285",9606,0.959840258766662,"p",181.033884787212,"DOH16","MIN17","DOH16_vs_MIN17",0.995057015886805,"Eukarya_Genus",5,"9606Eukarya_Genus"
"286",9606,0.998938214323307,"p",471.958890367319,"DOH16","NYC16","DOH16_vs_NYC16",0.998938214323307,"Eukarya_Family",4,"9606Eukarya_Family"
"287",9606,0.998892828981392,"p",358.502011010041,"DOH16","NYC17","DOH16_vs_NYC17",0.998892828981392,"Eukarya_Genus",5,"9606Eukarya_Genus"
"288",9606,0.945914565380109,"p",271.083282593687,"DOH16","SAC16","DOH16_vs_SAC16",0.995171257461334,"Eukarya_Genus",5,"9606Eukarya_Genus"
"289",9606,0.990220270336175,"p",249.755726168235,"DOH16","SAN17","DOH16_vs_SAN17",0.997098566361073,"Eukarya_Order",3,"9606Eukarya_Order"
"290",9606,0.998270993913994,"p",358.158352272881,"DOH16","SAO17","DOH16_vs_SAO17",0.998270993913994,"Eukarya_Order",5,"9606Eukarya_Order"
"291",9606,0.999810210354597,"p",500.534918356426,"DOH16","TOK16","DOH16_vs_TOK16",0.999810210354597,"Eukarya_Genus",5,"9606Eukarya_Genus"
"292",9606,0.999999999999995,"p",379.717871491858,"DOH16","TOK17","DOH16_vs_TOK17",0.999999999999995,"Eukarya_Genus",5,"9606Eukarya_Genus"
"293",9606,0.998090559422232,"p",302.513129438991,"DOH16","VIE17","DOH16_vs_VIE17",0.998090559422232,"Eukarya_Genus",5,"9606Eukarya_Genus"
"294",9606,0.996872562251814,"p",298.688532219538,"DOH16","ZRH17","DOH16_vs_ZRH17",0.996872562251814,"Eukarya_Genus",5,"9606Eukarya_Genus"
"295",9606,0.99153693576593,"p",308.395415541037,"DOH17","ILR17","DOH17_vs_ILR17",0.99153693576593,"Eukarya_Family",5,"9606Eukarya_Family"
"296",9606,0.960649147634108,"p",193.798306340231,"DOH17","MIN17","DOH17_vs_MIN17",0.960649147634108,"Eukarya_Family",5,"9606Eukarya_Family"
"297",9606,0.995002729114251,"p",371.26643256306,"DOH17","NYC17","DOH17_vs_NYC17",0.995002729114251,"Eukarya_Family",5,"9606Eukarya_Family"
"298",9606,0.990060572028623,"p",262.516914393748,"DOH17","SAN17","DOH17_vs_SAN17",0.996584340723543,"Eukarya_Class",4,"9606Eukarya_Class"
"299",9606,0.997292679813042,"p",370.9227738259,"DOH17","SAO17","DOH17_vs_SAO17",0.997292679813042,"Eukarya_Family",4,"9606Eukarya_Family"
"300",9606,0.994701065901217,"p",392.482293044877,"DOH17","TOK17","DOH17_vs_TOK17",0.995809901130849,"Eukarya_Genus",5,"9606Eukarya_Genus"
"301",9606,0.99673619216344,"p",315.27755099201,"DOH17","VIE17","DOH17_vs_VIE17",0.99673619216344,"Eukarya_Family",5,"9606Eukarya_Family"
"302",9606,0.998269840644655,"p",311.452953772557,"DOH17","ZRH17","DOH17_vs_ZRH17",0.998269840644655,"Eukarya_Genus",5,"9606Eukarya_Genus"
"303",9606,0.996129516077581,"p",242.248123664232,"ILR16","BAL17","ILR16_vs_BAL17",0.996677833200117,"Eukarya_Genus",5,"9606Eukarya_Genus"
"304",9606,0.999999999999777,"p",310.699651391848,"ILR16","DEN17","ILR16_vs_DEN17",0.999999999999777,"Eukarya_Genus",5,"9606Eukarya_Genus"
"305",9606,0.998785541789952,"p",255.637035332477,"ILR16","DOH17","ILR16_vs_DOH17",0.998785541789952,"Eukarya_Genus",5,"9606Eukarya_Genus"
"306",9606,0.996375835062418,"p",274.782985623691,"ILR16","ILR17","ILR16_vs_ILR17",0.996375835062418,"Eukarya_Genus",5,"9606Eukarya_Genus"
"307",9606,0.97136664793848,"p",173.958001327789,"ILR16","LIS16","ILR16_vs_LIS16",0.97136664793848,"Eukarya_Genus",5,"9606Eukarya_Genus"
"308",9606,0.970518857724754,"p",160.185876422885,"ILR16","MIN17","ILR16_vs_MIN17",0.99619654125503,"Eukarya_Genus",5,"9606Eukarya_Genus"
"309",9606,0.99975853057637,"p",451.110882002992,"ILR16","NYC16","ILR16_vs_NYC16",0.99975853057637,"Eukarya_Family",4,"9606Eukarya_Family"
"310",9606,0.999734920378464,"p",337.654002645714,"ILR16","NYC17","ILR16_vs_NYC17",0.999734920378464,"Eukarya_Genus",5,"9606Eukarya_Genus"
"311",9606,0.976235137511561,"p",250.23527422936,"ILR16","SAC16","ILR16_vs_SAC16",0.996297242711285,"Eukarya_Genus",5,"9606Eukarya_Genus"
"312",9606,0.993806630919519,"p",228.907717803908,"ILR16","SAN17","ILR16_vs_SAN17",0.997778274485122,"Eukarya_Order",3,"9606Eukarya_Order"
"313",9606,0.999491327306528,"p",337.310343908554,"ILR16","SAO17","ILR16_vs_SAO17",0.999491327306528,"Eukarya_Order",5,"9606Eukarya_Order"
"314",9606,0.999957047328433,"p",479.686909992098,"ILR16","TOK16","ILR16_vs_TOK16",0.999957047328433,"Eukarya_Genus",5,"9606Eukarya_Genus"
"315",9606,0.999999999999781,"p",358.869863127531,"ILR16","TOK17","ILR16_vs_TOK17",0.999999999999781,"Eukarya_Genus",5,"9606Eukarya_Genus"
"316",9606,0.999499563972284,"p",281.665121074664,"ILR16","VIE17","ILR16_vs_VIE17",0.999499563972284,"Eukarya_Genus",5,"9606Eukarya_Genus"
"317",9606,0.999169319902305,"p",277.840523855211,"ILR16","ZRH17","ILR16_vs_ZRH17",0.999169319902305,"Eukarya_Genus",5,"9606Eukarya_Genus"
"318",9606,0.963452223660298,"p",212.944256631444,"ILR17","MIN17","ILR17_vs_MIN17",0.963452223660298,"Eukarya_Family",5,"9606Eukarya_Family"
"319",9606,0.986165040467958,"p",390.412382854273,"ILR17","NYC17","ILR17_vs_NYC17",0.986165040467958,"Eukarya_Family",5,"9606Eukarya_Family"
"320",9606,0.990256727197962,"p",281.618993637237,"ILR17","SAN17","ILR17_vs_SAN17",0.997218971462379,"Eukarya_Class",4,"9606Eukarya_Class"
"321",9606,0.989582749416754,"p",390.068724117114,"ILR17","SAO17","ILR17_vs_SAO17",0.996237926651939,"Eukarya_Family",4,"9606Eukarya_Family"
"322",9606,0.986765016407966,"p",411.62824333609,"ILR17","TOK17","ILR17_vs_TOK17",0.993052925906973,"Eukarya_Genus",5,"9606Eukarya_Genus"
"323",9606,0.988227574476013,"p",334.423501283224,"ILR17","VIE17","ILR17_vs_VIE17",0.988227574476013,"Eukarya_Family",5,"9606Eukarya_Family"
"324",9606,0.989590784716117,"p",330.598904063771,"ILR17","ZRH17","ILR17_vs_ZRH17",0.989590784716117,"Eukarya_Family",5,"9606Eukarya_Family"
"325",9606,0.970684170785505,"p",194.181519576889,"LIS16","BAL17","LIS16_vs_BAL17",0.996657613736723,"Eukarya_Family",5,"9606Eukarya_Family"
"326",9606,0.969050136748334,"p",262.633047304505,"LIS16","DEN17","LIS16_vs_DEN17",0.969050136748334,"Eukarya_Genus",5,"9606Eukarya_Genus"
"327",9606,0.969469030215868,"p",207.570431245135,"LIS16","DOH17","LIS16_vs_DOH17",0.996929262729905,"Eukarya_Family",5,"9606Eukarya_Family"
"328",9606,0.970598233360423,"p",226.716381536349,"LIS16","ILR17","LIS16_vs_ILR17",0.994896859182767,"Eukarya_Family",5,"9606Eukarya_Family"
"329",9606,0.988054024923631,"p",112.119272335542,"LIS16","MIN17","LIS16_vs_MIN17",0.996107214675071,"Eukarya_Family",5,"9606Eukarya_Family"
"330",9606,0.968861706727078,"p",403.041913039278,"LIS16","NYC16","LIS16_vs_NYC16",0.99911744133661,"Eukarya_Order",3,"9606Eukarya_Order"
"331",9606,0.968988342879792,"p",289.587398558371,"LIS16","NYC17","LIS16_vs_NYC17",0.997285987292898,"Eukarya_Family",5,"9606Eukarya_Family"
"332",9606,0.980195512023823,"p",202.168670142017,"LIS16","SAC16","LIS16_vs_SAC16",0.996222375492162,"Eukarya_Family",5,"9606Eukarya_Family"
"333",9606,0.973567813927527,"p",180.841113716566,"LIS16","SAN17","LIS16_vs_SAN17",0.99773632756571,"Eukarya_Order",3,"9606Eukarya_Order"
"334",9606,0.96918687708772,"p",289.243739821212,"LIS16","SAO17","LIS16_vs_SAO17",0.998118648404498,"Eukarya_Order",5,"9606Eukarya_Order"
"335",9606,0.968874602145763,"p",431.620305904756,"LIS16","TOK16","LIS16_vs_TOK16",0.996607853376463,"Eukarya_Family",5,"9606Eukarya_Family"
"336",9606,0.96892207633298,"p",310.803259040188,"LIS16","TOK17","LIS16_vs_TOK17",0.96892207633298,"Eukarya_Genus",5,"9606Eukarya_Genus"
"337",9606,0.96912523248096,"p",233.598516987322,"LIS16","VIE17","LIS16_vs_VIE17",0.998122317198936,"Eukarya_Family",5,"9606Eukarya_Family"
"338",9606,0.969273621507337,"p",229.773919767869,"LIS16","ZRH17","LIS16_vs_ZRH17",0.997018706679188,"Eukarya_Family",5,"9606Eukarya_Family"
"339",9606,0.959268659200399,"p",275.815273653467,"MIN17","NYC17","MIN17_vs_NYC17",0.959268659200399,"Eukarya_Family",5,"9606Eukarya_Family"
"340",9606,0.993915214182333,"p",167.045785424686,"MIN17","SAN17","MIN17_vs_SAN17",0.997409051094386,"Eukarya_Class",4,"9606Eukarya_Class"
"341",9606,0.960112142742777,"p",275.471614916308,"MIN17","SAO17","MIN17_vs_SAO17",0.997808377295767,"Eukarya_Family",4,"9606Eukarya_Family"
"342",9606,0.959328798208621,"p",297.031134135284,"MIN17","TOK17","MIN17_vs_TOK17",0.995019382985496,"Eukarya_Genus",5,"9606Eukarya_Genus"
"343",9606,0.959731960403833,"p",219.826392082418,"MIN17","VIE17","MIN17_vs_VIE17",0.959731960403833,"Eukarya_Family",5,"9606Eukarya_Family"
"344",9606,0.960091498236824,"p",216.001794862965,"MIN17","ZRH17","MIN17_vs_ZRH17",0.960091498236824,"Eukarya_Family",5,"9606Eukarya_Family"
"345",9606,0.983386529632052,"p",471.334400252092,"NYC16","BAL17","NYC16_vs_BAL17",0.998679984976471,"Eukarya_Phylum",4,"9606Eukarya_Phylum"
"346",9606,0.999083909800696,"p",539.785927979708,"NYC16","DEN17","NYC16_vs_DEN17",0.999083909800696,"Eukarya_Family",4,"9606Eukarya_Family"
"347",9606,0.994413822435292,"p",484.723311920338,"NYC16","DOH17","NYC16_vs_DOH17",0.998495683857156,"Eukarya_Phylum",4,"9606Eukarya_Phylum"
"348",9606,0.985352689975668,"p",503.869262211552,"NYC16","ILR17","NYC16_vs_ILR17",0.998780409627536,"Eukarya_Phylum",4,"9606Eukarya_Phylum"
"349",9606,0.959130698079781,"p",389.272153010746,"NYC16","MIN17","NYC16_vs_MIN17",0.998940411567903,"Eukarya_Phylum",4,"9606Eukarya_Phylum"
"350",9606,0.999715149491401,"p",566.740279233574,"NYC16","NYC17","NYC16_vs_NYC17",0.999715149491401,"Eukarya_Family",4,"9606Eukarya_Family"
"351",9606,0.939262418457918,"p",479.32155081722,"NYC16","SAC16","NYC16_vs_SAC16",0.998739137758919,"Eukarya_Phylum",4,"9606Eukarya_Phylum"
"352",9606,0.989820168436519,"p",457.991629515398,"NYC16","SAN17","NYC16_vs_SAN17",0.998785801759359,"Eukarya_Class",4,"9606Eukarya_Class"
"353",9606,0.997439838304197,"p",566.394255620044,"NYC16","SAO17","NYC16_vs_SAO17",0.99852921940744,"Eukarya_Order",4,"9606Eukarya_Order"
"354",9606,0.993250506543398,"p",708.773186579959,"NYC16","TOK16","NYC16_vs_TOK16",0.997876162897627,"Eukarya_Phylum",4,"9606Eukarya_Phylum"
"355",9606,0.998441974676258,"p",587.956139715391,"NYC16","TOK17","NYC16_vs_TOK17",0.998696171588097,"Eukarya_Family",4,"9606Eukarya_Family"
"356",9606,0.998118430629909,"p",510.751397662525,"NYC16","VIE17","NYC16_vs_VIE17",0.998354491163118,"Eukarya_Phylum",4,"9606Eukarya_Phylum"
"357",9606,0.995938717354532,"p",506.926800443072,"NYC16","ZRH17","NYC16_vs_ZRH17",0.998265100098748,"Eukarya_Phylum",4,"9606Eukarya_Phylum"
"358",9606,0.989859441276796,"p",344.536848363658,"NYC17","SAN17","NYC17_vs_SAN17",0.99709592324624,"Eukarya_Class",4,"9606Eukarya_Class"
"359",9606,0.997569474964008,"p",452.939474468304,"NYC17","SAO17","NYC17_vs_SAO17",0.997569474964008,"Eukarya_Order",3,"9606Eukarya_Order"
"360",9606,0.998464099783871,"p",474.499260358113,"NYC17","TOK17","NYC17_vs_TOK17",0.998464099783871,"Eukarya_Genus",5,"9606Eukarya_Genus"
"361",9606,0.99850430511232,"p",397.294518305247,"NYC17","VIE17","NYC17_vs_VIE17",0.99850430511232,"Eukarya_Family",5,"9606Eukarya_Family"
"362",9606,0.996549481325154,"p",393.469921085794,"NYC17","ZRH17","NYC17_vs_ZRH17",0.996549481325154,"Eukarya_Family",5,"9606Eukarya_Family"
"363",9606,0.95407154209116,"p",270.45879247846,"SAC16","BAL17","SAC16_vs_BAL17",0.95407154209116,"Eukarya_Family",5,"9606Eukarya_Family"
"364",9606,0.947914592267135,"p",338.910320206076,"SAC16","DEN17","SAC16_vs_DEN17",0.995834296400981,"Eukarya_Genus",5,"9606Eukarya_Genus"
"365",9606,0.946034947345051,"p",283.847704146705,"SAC16","DOH17","SAC16_vs_DOH17",0.946034947345051,"Eukarya_Family",5,"9606Eukarya_Family"
"366",9606,0.954198622317341,"p",302.993654437919,"SAC16","ILR17","SAC16_vs_ILR17",0.954198622317341,"Eukarya_Family",5,"9606Eukarya_Family"
"367",9606,0.985120262521438,"p",188.396545237113,"SAC16","MIN17","SAC16_vs_MIN17",0.985120262521438,"Eukarya_Family",5,"9606Eukarya_Family"
"368",9606,0.94031671535904,"p",365.864671459942,"SAC16","NYC17","SAC16_vs_NYC17",0.94031671535904,"Eukarya_Family",5,"9606Eukarya_Family"
"369",9606,0.991057690942734,"p",257.103766606289,"SAC16","SAN17","SAC16_vs_SAN17",0.997044103022386,"Eukarya_Order",3,"9606Eukarya_Order"
"370",9606,0.945516808255218,"p",365.521012722783,"SAC16","SAO17","SAC16_vs_SAO17",0.997458915049816,"Eukarya_Family",4,"9606Eukarya_Family"
"371",9606,0.938699395935291,"p",507.897578806327,"SAC16","TOK16","SAC16_vs_TOK16",0.938699395935291,"Eukarya_Family",5,"9606Eukarya_Family"
"372",9606,0.942276398708123,"p",387.080531941759,"SAC16","TOK17","SAC16_vs_TOK17",0.995130126712338,"Eukarya_Genus",5,"9606Eukarya_Genus"
"373",9606,0.942769185129667,"p",309.875789888893,"SAC16","VIE17","SAC16_vs_VIE17",0.942769185129667,"Eukarya_Family",5,"9606Eukarya_Family"
"374",9606,0.943818043623914,"p",306.05119266944,"SAC16","ZRH17","SAC16_vs_ZRH17",0.943818043623914,"Eukarya_Family",5,"9606Eukarya_Family"
"375",9606,0.989999717271982,"p",365.752975516308,"SAN17","TOK17","SAN17_vs_TOK17",0.997072781362466,"Eukarya_Order",3,"9606Eukarya_Order"
"376",9606,0.989963228510365,"p",288.547984700431,"SAN17","VIE17","SAN17_vs_VIE17",0.996287158903064,"Eukarya_Class",4,"9606Eukarya_Class"
"377",9606,0.98998014825713,"p",284.723084100185,"SAN17","ZRH17","SAN17_vs_ZRH17",0.996068982761306,"Eukarya_Class",4,"9606Eukarya_Class"
"378",9606,0.997921132098118,"p",474.155601620954,"SAO17","TOK17","SAO17_vs_TOK17",0.997921132098118,"Eukarya_Order",5,"9606Eukarya_Order"
"379",9606,0.997843259431854,"p",396.950610805077,"SAO17","VIE17","SAO17_vs_VIE17",0.997843259431854,"Eukarya_Order",3,"9606Eukarya_Order"
"380",9606,0.997880332959244,"p",393.125710204831,"SAO17","ZRH17","SAO17_vs_ZRH17",0.997880332959244,"Eukarya_Order",3,"9606Eukarya_Order"
"381",9606,0.982408113517919,"p",499.910428241199,"TOK16","BAL17","TOK16_vs_BAL17",0.982408113517919,"Eukarya_Family",5,"9606Eukarya_Family"
"382",9606,0.99983646761546,"p",568.361955968815,"TOK16","DEN17","TOK16_vs_DEN17",0.99983646761546,"Eukarya_Genus",5,"9606Eukarya_Genus"
"383",9606,0.993238117241937,"p",513.299339909444,"TOK16","DOH17","TOK16_vs_DOH17",0.993238117241937,"Eukarya_Family",5,"9606Eukarya_Family"
"384",9606,0.984444812781583,"p",532.445290200658,"TOK16","ILR17","TOK16_vs_ILR17",0.984444812781583,"Eukarya_Family",5,"9606Eukarya_Family"
"385",9606,0.958927631421994,"p",417.848180999852,"TOK16","MIN17","TOK16_vs_MIN17",0.958927631421994,"Eukarya_Family",5,"9606Eukarya_Family"
"386",9606,0.997298443478403,"p",595.316307222681,"TOK16","NYC17","TOK16_vs_NYC17",0.997298443478403,"Eukarya_Family",5,"9606Eukarya_Family"
"387",9606,0.989803427959493,"p",486.569966284055,"TOK16","SAN17","TOK16_vs_SAN17",0.995509193206225,"Eukarya_Class",4,"9606Eukarya_Class"
"388",9606,0.997375587623014,"p",594.972592388701,"TOK16","SAO17","TOK16_vs_SAO17",0.997375587623014,"Eukarya_Order",3,"9606Eukarya_Order"
"389",9606,0.99971984330743,"p",616.532167704498,"TOK16","TOK17","TOK16_vs_TOK17",0.99971984330743,"Eukarya_Genus",5,"9606Eukarya_Genus"
"390",9606,0.996655646108289,"p",539.327425651632,"TOK16","VIE17","TOK16_vs_VIE17",0.996655646108289,"Eukarya_Family",5,"9606Eukarya_Family"
"391",9606,0.994522492879618,"p",535.502828432178,"TOK16","ZRH17","TOK16_vs_ZRH17",0.994522492879618,"Eukarya_Family",5,"9606Eukarya_Family"
"392",9606,0.997543023179084,"p",418.510378787064,"TOK17","VIE17","TOK17_vs_VIE17",0.997543023179084,"Eukarya_Genus",5,"9606Eukarya_Genus"
"393",9606,0.996012607355819,"p",414.685781567611,"TOK17","ZRH17","TOK17_vs_ZRH17",0.996012607355819,"Eukarya_Genus",5,"9606Eukarya_Genus"
"394",9606,0.998326922955154,"p",337.481039514744,"VIE17","ZRH17","VIE17_vs_ZRH17",0.998326922955154,"Eukarya_Genus",5,"9606Eukarya_Genus"
"395",44689,0.998803227752532,"p",11.5837044453636,"AKL16","BOG16","AKL16_vs_BOG16",0.999776593030559,"Eukarya_Phylum",4,"44689Eukarya_Phylum"
"396",44689,0.998302416553415,"p",11.5837044488164,"BOG16","DEN17","BOG16_vs_DEN17",0.998913946312408,"Eukarya_Phylum",4,"44689Eukarya_Phylum"
"397",44689,0.998032050698899,"p",11.5837044545989,"BOG16","DOH16","BOG16_vs_DOH16",0.99874135652952,"Eukarya_Phylum",4,"44689Eukarya_Phylum"
"398",44689,0.998601115869694,"p",11.5837044495521,"BOG16","ILR16","BOG16_vs_ILR16",0.999713646072384,"Eukarya_Phylum",4,"44689Eukarya_Phylum"
"399",44689,0.998677317557204,"p",11.5837135367084,"BOG16","LIS16","BOG16_vs_LIS16",0.998677317557204,"Eukarya_Class",3,"44689Eukarya_Class"
"400",44689,0.997089560806749,"p",11.5837044619234,"BOG16","NYC16","BOG16_vs_NYC16",0.998815227491969,"Eukarya_Phylum",4,"44689Eukarya_Phylum"
"401",44689,0.997939064499657,"p",11.58370445043,"BOG16","NYC17","BOG16_vs_NYC17",0.999761432606093,"Eukarya_Phylum",4,"44689Eukarya_Phylum"
"402",44689,0.997977684410532,"p",11.5837044532343,"BOG16","TOK17","BOG16_vs_TOK17",0.998154017432021,"Eukarya_Phylum",4,"44689Eukarya_Phylum"
"403",44689,0.998348005084294,"p",11.5837044449038,"BOG16","VIE17","BOG16_vs_VIE17",0.998440722543327,"Eukarya_Phylum",4,"44689Eukarya_Phylum"
"404",1080349,0.998840281428838,"p",8.82170661642645,"AKL16","BER16","AKL16_vs_BER16",0.999874402649884,"Eukarya_Phylum",3,"1080349Eukarya_Phylum"
"405",1080349,0.998204356677656,"p",14.2450509077246,"AKL16","BOG16","AKL16_vs_BOG16",0.999776593030559,"Eukarya_Phylum",3,"1080349Eukarya_Phylum"
"406",1080349,0.997020272242678,"p",13.1093896102676,"AKL16","SAN17","AKL16_vs_SAN17",0.997020272242678,"Eukarya_Order",4,"1080349Eukarya_Order"
"407",1080349,0.997501360815719,"p",16.2362484656105,"AKL16","SAO17","AKL16_vs_SAO17",0.999600264733452,"Eukarya_Class",4,"1080349Eukarya_Class"
"408",1080349,0.996989440622977,"p",13.1093895983338,"BAL17","SAN17","BAL17_vs_SAN17",0.996989440622977,"Eukarya_Class",5,"1080349Eukarya_Class"
"409",1080349,0.997383880459534,"p",16.2362484536767,"BAL17","SAO17","BAL17_vs_SAO17",0.997383880459534,"Eukarya_Phylum",3,"1080349Eukarya_Phylum"
"410",1080349,0.99870495409562,"p",8.82170661203623,"BER16","BAL17","BER16_vs_BAL17",0.99870495409562,"Eukarya_Phylum",5,"1080349Eukarya_Phylum"
"411",1080349,0.807719082464381,"p",19.0667574743431,"BER16","BOG16","BER16_vs_BOG16",0.997424030887339,"Eukarya_Phylum",5,"1080349Eukarya_Phylum"
"412",1080349,0.998578662230325,"p",8.82170661475928,"BER16","DEN16","BER16_vs_DEN16",0.998578662230325,"Eukarya_Phylum",5,"1080349Eukarya_Phylum"
"413",1080349,0.998343972283223,"p",8.82170661987935,"BER16","DEN17","BER16_vs_DEN17",0.999388522331433,"Eukarya_Phylum",3,"1080349Eukarya_Phylum"
"414",1080349,0.998750715315043,"p",8.82170661135643,"BER16","DOH16","BER16_vs_DOH16",0.999290971384014,"Eukarya_Phylum",3,"1080349Eukarya_Phylum"
"415",1080349,0.998523678318335,"p",8.82170661435064,"BER16","DOH17","BER16_vs_DOH17",0.998523678318335,"Eukarya_Phylum",5,"1080349Eukarya_Phylum"
"416",1080349,0.999102468837933,"p",8.8217066094998,"BER16","ILR16","BER16_vs_ILR16",0.999839007659188,"Eukarya_Phylum",3,"1080349Eukarya_Phylum"
"417",1080349,0.998803410439134,"p",8.82170661067243,"BER16","ILR17","BER16_vs_ILR17",0.998803410439134,"Eukarya_Phylum",5,"1080349Eukarya_Phylum"
"418",1080349,0.999141642672672,"p",8.82170015487263,"BER16","LIS16","BER16_vs_LIS16",0.999141642672672,"Eukarya_Order",4,"1080349Eukarya_Order"
"419",1080349,0.998965657341915,"p",8.82170661223688,"BER16","MIN17","BER16_vs_MIN17",0.998965657341915,"Eukarya_Phylum",5,"1080349Eukarya_Phylum"
"420",1080349,0.998170687492008,"p",8.82170661405095,"BER16","NYC16","BER16_vs_NYC16",0.998359036905874,"Eukarya_Phylum",5,"1080349Eukarya_Phylum"
"421",1080349,0.998699703883858,"p",8.82170660982277,"BER16","NYC17","BER16_vs_NYC17",0.998760795104505,"Eukarya_Phylum",3,"1080349Eukarya_Phylum"
"422",1080349,0.998765383854275,"p",8.82170661298088,"BER16","SAC16","BER16_vs_SAC16",0.998765383854275,"Eukarya_Phylum",5,"1080349Eukarya_Phylum"
"423",1080349,7.04188030005085e-07,"p",17.9317495581399,"BER16","SAN17","BER16_vs_SAN17",1.05628204500763e-06,"Eukarya_Family",5,"1080349Eukarya_Family"
"424",1080349,0.00233482033501756,"p",21.057955032229,"BER16","SAO17","BER16_vs_SAO17",0.00700446100505269,"Eukarya_Genus",5,"1080349Eukarya_Genus"
"425",1080349,0.997905770255874,"p",8.82170661569262,"BER16","TOK16","BER16_vs_TOK16",0.997905770255874,"Eukarya_Phylum",5,"1080349Eukarya_Phylum"
"426",1080349,0.998719444685815,"p",8.82170661085443,"BER16","TOK17","BER16_vs_TOK17",0.99895759641262,"Eukarya_Phylum",3,"1080349Eukarya_Phylum"
"427",1080349,0.998384417275705,"p",8.82170661596668,"BER16","VIE17","BER16_vs_VIE17",0.998384417275705,"Eukarya_Phylum",5,"1080349Eukarya_Phylum"
"428",1080349,0.998297144477129,"p",8.82170661786275,"BER16","ZRH17","BER16_vs_ZRH17",0.998297144477129,"Eukarya_Phylum",5,"1080349Eukarya_Phylum"
"429",1080349,0.997960276575991,"p",14.2450508957907,"BOG16","BAL17","BOG16_vs_BAL17",0.997960276575992,"Eukarya_Phylum",5,"1080349Eukarya_Phylum"
"430",1080349,0.997765535787001,"p",14.2450509031927,"BOG16","DEN16","BOG16_vs_DEN16",0.997765535787001,"Eukarya_Phylum",5,"1080349Eukarya_Phylum"
"431",1080349,0.997400226931226,"p",14.2450509171105,"BOG16","DEN17","BOG16_vs_DEN17",0.998913946312408,"Eukarya_Phylum",3,"1080349Eukarya_Phylum"
"432",1080349,0.998032050698899,"p",14.2450508939428,"BOG16","DOH16","BOG16_vs_DOH16",0.99874135652952,"Eukarya_Phylum",3,"1080349Eukarya_Phylum"
"433",1080349,0.997672968459837,"p",14.2450509020819,"BOG16","DOH17","BOG16_vs_DOH17",0.997672968459837,"Eukarya_Phylum",5,"1080349Eukarya_Phylum"
"434",1080349,0.997896996902226,"p",14.2450509191101,"BOG16","ILR16","BOG16_vs_ILR16",0.999713646072384,"Eukarya_Phylum",3,"1080349Eukarya_Phylum"
"435",1080349,0.998115079453128,"p",14.2450508920835,"BOG16","ILR17","BOG16_vs_ILR17",0.998115079453128,"Eukarya_Phylum",5,"1080349Eukarya_Phylum"
"436",1080349,0.998677317557204,"p",14.2450652682423,"BOG16","LIS16","BOG16_vs_LIS16",0.998677317557204,"Eukarya_Order",5,"1080349Eukarya_Order"
"437",1080349,0.998391160360425,"p",14.2450508963361,"BOG16","MIN17","BOG16_vs_MIN17",0.998391160360425,"Eukarya_Phylum",5,"1080349Eukarya_Phylum"
"438",1080349,0.997089560806749,"p",14.2450509012673,"BOG16","NYC16","BOG16_vs_NYC16",0.998815227491969,"Eukarya_Phylum",3,"1080349Eukarya_Phylum"
"439",1080349,0.997939064499657,"p",14.2450508897739,"BOG16","NYC17","BOG16_vs_NYC17",0.999761432606093,"Eukarya_Phylum",3,"1080349Eukarya_Phylum"
"440",1080349,0.998064789463608,"p",14.2450508983585,"BOG16","SAC16","BOG16_vs_SAC16",0.998064789463608,"Eukarya_Phylum",5,"1080349Eukarya_Phylum"
"441",1080349,2.38811764249483e-06,"p",23.3550938264209,"BOG16","SAN17","BOG16_vs_SAN17",4.77623528498967e-06,"Eukarya_Family",5,"1080349Eukarya_Family"
"442",1080349,0.00510091159669144,"p",26.48129930051,"BOG16","SAO17","BOG16_vs_SAO17",0.0204036463867657,"Eukarya_Genus",5,"1080349Eukarya_Genus"
"443",1080349,0.996660379723679,"p",14.2450509057298,"BOG16","TOK16","BOG16_vs_TOK16",0.997869745904565,"Eukarya_Phylum",5,"1080349Eukarya_Phylum"
"444",1080349,0.997977684410531,"p",14.2450508925782,"BOG16","TOK17","BOG16_vs_TOK17",0.998154017432021,"Eukarya_Phylum",3,"1080349Eukarya_Phylum"
"445",1080349,0.997450750253055,"p",14.2450509064748,"BOG16","VIE17","BOG16_vs_VIE17",0.998440722543327,"Eukarya_Phylum",3,"1080349Eukarya_Phylum"
"446",1080349,0.997314959312586,"p",14.2450509116288,"BOG16","ZRH17","BOG16_vs_ZRH17",0.998258154914599,"Eukarya_Phylum",5,"1080349Eukarya_Phylum"
"447",1080349,0.996657593622341,"p",13.109389605736,"DEN16","SAN17","DEN16_vs_SAN17",0.996657593622341,"Eukarya_Class",5,"1080349Eukarya_Class"
"448",1080349,0.997107740727473,"p",16.2362484610787,"DEN16","SAO17","DEN16_vs_SAO17",0.997107740727473,"Eukarya_Phylum",3,"1080349Eukarya_Phylum"
"449",1080349,0.997496971353518,"p",13.1093895907034,"DEN17","SAN17","DEN17_vs_SAN17",0.997496971353518,"Eukarya_Order",4,"1080349Eukarya_Order"
"450",1080349,0.996611818286355,"p",16.2362484749965,"DEN17","SAO17","DEN17_vs_SAO17",0.998420088277144,"Eukarya_Class",4,"1080349Eukarya_Class"
"451",1080349,0.997098566361073,"p",13.1093895964859,"DOH16","SAN17","DOH16_vs_SAN17",0.997098566361073,"Eukarya_Order",4,"1080349Eukarya_Order"
"452",1080349,0.997477837259276,"p",16.2362484518288,"DOH16","SAO17","DOH16_vs_SAO17",0.998270993913994,"Eukarya_Class",4,"1080349Eukarya_Class"
"453",1080349,0.996584340723543,"p",13.1093896046281,"DOH17","SAN17","DOH17_vs_SAN17",0.996584340723543,"Eukarya_Class",5,"1080349Eukarya_Class"
"454",1080349,0.997026734820903,"p",16.2362484599679,"DOH17","SAO17","DOH17_vs_SAO17",0.997292679813042,"Eukarya_Phylum",3,"1080349Eukarya_Phylum"
"455",1080349,0.997778274485122,"p",13.109389591439,"ILR16","SAN17","ILR16_vs_SAN17",0.997778274485122,"Eukarya_Order",4,"1080349Eukarya_Order"
"456",1080349,0.997091559051492,"p",16.2362484769961,"ILR16","SAO17","ILR16_vs_SAO17",0.999491327306528,"Eukarya_Class",4,"1080349Eukarya_Class"
"457",1080349,0.997218971462379,"p",13.1093895946564,"ILR17","SAN17","ILR17_vs_SAN17",0.997218971462379,"Eukarya_Class",5,"1080349Eukarya_Class"
"458",1080349,0.996237926651939,"p",16.2362484856608,"ILR17","SAO17","ILR17_vs_SAO17",0.996237926651939,"Eukarya_Phylum",3,"1080349Eukarya_Phylum"
"459",1080349,0.99773632756571,"p",13.1093895968512,"LIS16","SAN17","LIS16_vs_SAN17",0.99773632756571,"Eukarya_Order",4,"1080349Eukarya_Order"
"460",1080349,0.998118648404498,"p",16.2362484521941,"LIS16","SAO17","LIS16_vs_SAO17",0.998118648404498,"Eukarya_Class",4,"1080349Eukarya_Class"
"461",1080349,0.997409051094386,"p",13.109389598893,"MIN17","SAN17","MIN17_vs_SAN17",0.997409051094386,"Eukarya_Class",5,"1080349Eukarya_Class"
"462",1080349,0.997808377295767,"p",16.2362484542221,"MIN17","SAO17","MIN17_vs_SAO17",0.997808377295767,"Eukarya_Phylum",3,"1080349Eukarya_Phylum"
"463",1080349,0.996015539606672,"p",13.1093896038112,"NYC16","SAN17","NYC16_vs_SAN17",0.998785801759359,"Eukarya_Class",5,"1080349Eukarya_Class"
"464",1080349,0.996451894756048,"p",16.2362484591541,"NYC16","SAO17","NYC16_vs_SAO17",0.99852921940744,"Eukarya_Order",5,"1080349Eukarya_Order"
"465",1080349,0.99709592324624,"p",13.1093895923171,"NYC17","SAN17","NYC17_vs_SAN17",0.99709592324624,"Eukarya_Class",5,"1080349Eukarya_Class"
"466",1080349,0.9959851674339,"p",16.236248479383,"NYC17","SAO17","NYC17_vs_SAO17",0.997569474964008,"Eukarya_Order",4,"1080349Eukarya_Order"
"467",1080349,0.997044103022386,"p",13.1093896009071,"SAC16","SAN17","SAC16_vs_SAN17",0.997044103022386,"Eukarya_Order",4,"1080349Eukarya_Order"
"468",1080349,0.997458915049816,"p",16.2362484562445,"SAC16","SAO17","SAC16_vs_SAO17",0.997458915049816,"Eukarya_Phylum",3,"1080349Eukarya_Phylum"
"469",1080349,0.0553229391942719,"p",25.3462913843069,"SAN17","SAO17","SAN17_vs_SAO17",0.165968817582816,"Eukarya_Genus",5,"1080349Eukarya_Genus"
"470",1080349,0.997072781362466,"p",13.1093895951213,"SAN17","TOK17","SAN17_vs_TOK17",0.997072781362466,"Eukarya_Order",4,"1080349Eukarya_Order"
"471",1080349,0.996287158903064,"p",13.1093896090181,"SAN17","VIE17","SAN17_vs_VIE17",0.996287158903064,"Eukarya_Class",5,"1080349Eukarya_Class"
"472",1080349,0.996068982761306,"p",13.1093896141727,"SAN17","ZRH17","SAN17_vs_ZRH17",0.996068982761306,"Eukarya_Class",5,"1080349Eukarya_Class"
"473",1080349,0.996003655938978,"p",16.2362484870055,"SAO17","TOK17","SAO17_vs_TOK17",0.997921132098118,"Eukarya_Class",4,"1080349Eukarya_Class"
"474",1080349,0.996759918981939,"p",16.236248464361,"SAO17","VIE17","SAO17_vs_VIE17",0.997843259431854,"Eukarya_Order",4,"1080349Eukarya_Order"
"475",1080349,0.996575209377073,"p",16.2362484695156,"SAO17","ZRH17","SAO17_vs_ZRH17",0.997880332959244,"Eukarya_Order",4,"1080349Eukarya_Order"
"476",1080349,0.995509193206225,"p",13.1093896082729,"TOK16","SAN17","TOK16_vs_SAN17",0.995509193206225,"Eukarya_Class",5,"1080349Eukarya_Class"
"477",1080349,0.995976914845678,"p",16.2362484636158,"TOK16","SAO17","TOK16_vs_SAO17",0.997375587623014,"Eukarya_Order",4,"1080349Eukarya_Order"
