"samples","enterobacter","klebsciella","escherichia","enterobacter.rel","escherichia.rel","klebsciella.rel","enterobacter.relTot","escherichia.relTot","klebsciella.relTot"
"CAMDA23_MetaSUB_gCSD16_AKL_10",361,288,130,0.463414634146341,0.166880616174583,0.369704749679076,0.000103481507768566,3.72648088917274e-05,8.25558843139807e-05
"CAMDA23_MetaSUB_gCSD16_AKL_11",940,471,142,0.605280103026401,0.0914359304571797,0.30328396651642,0.00047617552032307,7.19328977509318e-05,0.000238594329864006
"CAMDA23_MetaSUB_gCSD16_AKL_12",624,534,167,0.470943396226415,0.126037735849057,0.403018867924528,0.000425352364216142,0.000113836289782205,0.000364003465531121
"CAMDA23_MetaSUB_gCSD16_AKL_13",325,556,70,0.341745531019979,0.0736067297581493,0.584647739221872,9.33247531991007e-05,2.01007160736525e-05,0.000159657116242154
"CAMDA23_MetaSUB_gCSD16_AKL_14",10419,3781,1206,0.676294950019473,0.0782811891470856,0.245423860833442,0.0038733205945114,0.000448337137631323,0.00140560756001993
"CAMDA23_MetaSUB_gCSD16_AKL_1",365,116,46,0.692599620493359,0.0872865275142315,0.22011385199241,0.000122766325566878,1.5471920482401e-05,3.90161473034461e-05
"CAMDA23_MetaSUB_gCSD16_AKL_2",175,311,129,0.284552845528455,0.209756097560976,0.505691056910569,6.48625248052827e-05,4.78129468564655e-05,0.00011526997265396
"CAMDA23_MetaSUB_gCSD16_AKL_3",16475,10242,2689,0.560259810922941,0.0914439230089097,0.348296266068149,0.00381534074987714,0.000622728453803924,0.00237187981549267
"CAMDA23_MetaSUB_gCSD16_AKL_4",27881,2941,794,0.881863613360324,0.0251138663967611,0.093022520242915,0.00887326328332065,0.00025269434550255,0.000935987493857682
"CAMDA23_MetaSUB_gCSD16_AKL_5",4144,8949,1807,0.278120805369128,0.121275167785235,0.600604026845638,0.000795748124211981,0.000346987659375253,0.00171842421900893
"CAMDA23_MetaSUB_gCSD16_AKL_6",1513,1617,390,0.429829545454545,0.110795454545455,0.459375,0.000460196220611924,0.000118622951777033,0.000491829007752466
"CAMDA23_MetaSUB_gCSD16_AKL_7",5112,10020,1888,0.300352526439483,0.110928319623972,0.588719153936545,0.00151814332734134,0.000560691432320119,0.00297570347025826
"CAMDA23_MetaSUB_gCSD16_AKL_8",5839,10986,2162,0.307526202138305,0.113867382946226,0.578606414915468,0.00147566914987153,0.000546394365819873,0.00277645166646491
"CAMDA23_MetaSUB_gCSD16_AKL_9",27083,30922,6226,0.421649982095873,0.0969313882704613,0.481418629633666,0.00669534534686724,0.00153916553297624,0.00764440677974482
"CAMDA23_MetaSUB_gCSD16_BER_10",19173,23066,7231,0.387568223165555,0.146169395593289,0.466262381241156,0.000885718724504058,0.000334044338230263,0.0010655603243838
"CAMDA23_MetaSUB_gCSD16_BER_11",6167,8372,2328,0.365625185273018,0.138020987727515,0.496353826999466,0.000971985784136568,0.000366917935052689,0.00131951759117745
"CAMDA23_MetaSUB_gCSD16_BER_12",8560,11262,2964,0.375669270604757,0.130079873606601,0.494250855788642,0.000447124241566811,0.000154821992056545,0.000588260888846428
"CAMDA23_MetaSUB_gCSD16_BER_13",11352,15155,3880,0.37358080758219,0.127686181590812,0.498733010826998,0.0012514728397762,0.000427740893087707,0.00167072506050108
"CAMDA23_MetaSUB_gCSD16_BER_14",13117,12275,2509,0.470126518762768,0.0899250922905989,0.439948388946633,0.000405121198938846,7.74909726414245e-05,0.000379115858578512
"CAMDA23_MetaSUB_gCSD16_BER_15",377669,25553,8148,0.918076184456815,0.0198069864112599,0.062116829131925,0.0111890524695869,0.000241397624698331,0.000757048785458572
"CAMDA23_MetaSUB_gCSD16_BER_1",570,672,143,0.411552346570397,0.103249097472924,0.485198555956679,0.000441220865876598,0.00011069225231641,0.000520176178717673
"CAMDA23_MetaSUB_gCSD16_BER_2",842,1497,305,0.318456883509834,0.11535552193646,0.566187594553706,0.000458000236071381,0.000165902698339396,0.000814283080046148
"CAMDA23_MetaSUB_gCSD16_BER_3",472,754,99,0.35622641509434,0.0747169811320755,0.569056603773585,0.000556245624868893,0.000116670162843264,0.00088857881599819
"CAMDA23_MetaSUB_gCSD16_BER_4",751,278,193,0.614566284779051,0.157937806873977,0.227495908346972,0.000450638845068445,0.000115809982820519,0.000166814379399504
"CAMDA23_MetaSUB_gCSD16_BER_5",8633,2952,139,0.736352780620948,0.011856021835551,0.2517911975435,0.00566167414517443,9.11586593512389e-05,0.00193597383025077
"CAMDA23_MetaSUB_gCSD16_BER_6",532,1105,139,0.29954954954955,0.0782657657657658,0.622184684684685,0.000494667907675628,0.00012924593828367,0.00102745871801047
"CAMDA23_MetaSUB_gCSD16_BER_7",618,653,222,0.413931681178835,0.148693904889484,0.437374413931681,0.000417375518426994,0.000149931011473775,0.000441013290506193
"CAMDA23_MetaSUB_gCSD16_BER_8",9579,8494,2495,0.465723453908985,0.121304939712174,0.412971606378841,0.000279932389562669,7.29127583212087e-05,0.000248224837346832
"CAMDA23_MetaSUB_gCSD16_BER_9",27539,26948,5020,0.462785890735544,0.0843598232140757,0.452854286050381,0.000696562667230749,0.000126974276099291,0.00068161410205651
"CAMDA23_MetaSUB_gCSD16_BOG_10",20803,32949,10795,0.322292283142516,0.167242474475963,0.51046524238152,0.00102787455671273,0.000533380081705231,0.00162800743975041
"CAMDA23_MetaSUB_gCSD16_BOG_11",8784,12226,3370,0.360295324036095,0.138228055783429,0.501476620180476,0.000473985051987807,0.000181845358059985,0.000659715533424742
"CAMDA23_MetaSUB_gCSD16_BOG_12",11842,13945,3810,0.400108119066122,0.12872926310099,0.471162617832888,0.000565547137723527,0.000181956983172322,0.000665981661506045
"CAMDA23_MetaSUB_gCSD16_BOG_13",17332,20796,5690,0.395545209731161,0.129855310602949,0.474599479665891,0.000879365931094891,0.000288690984764016,0.00105511734958743
"CAMDA23_MetaSUB_gCSD16_BOG_14",15538,18843,5202,0.392542252987394,0.131420054063613,0.476037692948993,0.000863735136937707,0.000289171719806278,0.0010474553472337
"CAMDA23_MetaSUB_gCSD16_BOG_15",22633,35890,6095,0.350258441920208,0.0943235630938748,0.555417994985917,0.00131151405382371,0.000353186858041598,0.0020797172001826
"CAMDA23_MetaSUB_gCSD16_BOG_16",30013,50348,14854,0.315212939137741,0.156004831171559,0.5287822296907,0.00137328854264266,0.000679666411635428,0.00230374609485799
"CAMDA23_MetaSUB_gCSD16_BOG_1",12541,18758,3792,0.3573850844946,0.108061896212704,0.534553019292696,0.000616455139628982,0.000186396450799226,0.000922052907197228
"CAMDA23_MetaSUB_gCSD16_BOG_2",10292,13097,5662,0.354273518983856,0.194898626553303,0.450827854462841,0.000625898718373247,0.000344329434845446,0.000796482269193006
"CAMDA23_MetaSUB_gCSD16_BOG_3",9878,10421,2848,0.426750766838035,0.123039702769257,0.450209530392708,0.000630127199193682,0.000181676681848917,0.000664765695768107
"CAMDA23_MetaSUB_gCSD16_BOG_4",20384,42391,4583,0.302621811811515,0.0680394310994982,0.629338757088987,0.00085363022333419,0.000191924416873067,0.00177522757051411
"CAMDA23_MetaSUB_gCSD16_BOG_5",30791,27005,5658,0.485249156869543,0.0891669555898761,0.425583887540581,0.0011927049576954,0.00021916549156054,0.00104605233290781
"CAMDA23_MetaSUB_gCSD16_BOG_6",18385,28161,5071,0.356181103124939,0.0982428269756088,0.545576069899452,0.000828303143181783,0.000228464794075324,0.00126874325891445
"CAMDA23_MetaSUB_gCSD16_BOG_8",73492,99257,5361,0.412621413733086,0.0300993767896244,0.557279209477289,0.00310721572762235,0.000226661181023559,0.00419655080112953
"CAMDA23_MetaSUB_gCSD16_BOG_9",19562,58461,6482,0.231489260990474,0.0767055203834093,0.691805218626117,0.00089116754200348,0.000295294346552835,0.00266325251370338
"CAMDA23_MetaSUB_gCSD16_DEN_10",119,199,302,0.191935483870968,0.487096774193548,0.320967741935484,0.000300865177004799,0.000763540197104615,0.000503127480873571
"CAMDA23_MetaSUB_gCSD16_DEN_11",82,104,59,0.33469387755102,0.240816326530612,0.424489795918367,0.000233545708027991,0.00016803898504453,0.000296204312620867
"CAMDA23_MetaSUB_gCSD16_DEN_12",230,477,214,0.249728555917481,0.232356134636265,0.517915309446254,0.00067738505806368,0.000630262619241859,0.00140483770737555
"CAMDA23_MetaSUB_gCSD16_DEN_13",203,194,74,0.430997876857749,0.157112526539278,0.411889596602972,0.00073032879186349,0.000266228229546297,0.000697949682864616
"CAMDA23_MetaSUB_gCSD16_DEN_14",920,316,82,0.698027314112291,0.0622154779969651,0.239757207890744,0.00132436984467445,0.00011804166006881,0.000454892250996876
"CAMDA23_MetaSUB_gCSD16_DEN_15",826,768,62,0.498792270531401,0.03743961352657,0.463768115942029,0.000470679944475722,3.53294873577418e-05,0.000437629778882996
"CAMDA23_MetaSUB_gCSD16_DEN_16",206,313,39,0.369175627240143,0.0698924731182796,0.560931899641577,0.00012719574746334,2.40807483061663e-05,0.000193263441534104
"CAMDA23_MetaSUB_gCSD16_DEN_17",147,488,157,0.185606060606061,0.198232323232323,0.616161616161616,0.000194614345857495,0.000207853417004263,0.000646066671962295
"CAMDA23_MetaSUB_gCSD16_DEN_18",127,225,103,0.279120879120879,0.226373626373626,0.494505494505495,0.000486571395731964,0.000394620895751121,0.000862035937320409
"CAMDA23_MetaSUB_gCSD16_DEN_19",137,281,119,0.25512104283054,0.221601489757914,0.523277467411546,0.000491620913625435,0.000427028384827933,0.00100836114400545
"CAMDA23_MetaSUB_gCSD16_DEN_1",187,290,41,0.361003861003861,0.0791505791505791,0.55984555984556,0.000491617526822074,0.000107787799998423,0.000762401512183965
"CAMDA23_MetaSUB_gCSD16_DEN_20",92,122,65,0.329749103942652,0.232974910394265,0.437275985663082,0.000174470425366483,0.000123267148356754,0.000231362955377292
"CAMDA23_MetaSUB_gCSD16_DEN_21",386,704,95,0.325738396624473,0.080168776371308,0.594092827004219,0.000383638703778245,9.44188519661484e-05,0.000699693387201773
"CAMDA23_MetaSUB_gCSD16_DEN_22",220,413,204,0.26284348864994,0.243727598566308,0.493428912783752,0.000621332022887612,0.000576144239404877,0.00116640966114811
"CAMDA23_MetaSUB_gCSD16_DEN_2",733,446,55,0.594003241491086,0.0445705024311183,0.361426256077796,0.000929865556409729,6.97716311085063e-05,0.000565784499534433
"CAMDA23_MetaSUB_gCSD16_DEN_3",61,152,60,0.223443223443223,0.21978021978022,0.556776556776557,0.000325919118629216,0.000320576182258245,0.000812126328387555
"CAMDA23_MetaSUB_gCSD16_DEN_4",234,379,158,0.303501945525292,0.204928664072633,0.491569390402075,0.000725930292078363,0.000490158060463168,0.00117575889187051
"CAMDA23_MetaSUB_gCSD16_DEN_5",172,229,133,0.322097378277154,0.249063670411985,0.428838951310861,0.000181621009749458,0.000140439501724872,0.000241809367631546
"CAMDA23_MetaSUB_gCSD16_DEN_6",177,473,149,0.221526908635795,0.18648310387985,0.591989987484355,0.000335367644411771,0.000282315135691265,0.000896208450885693
"CAMDA23_MetaSUB_gCSD16_DEN_7",101,190,68,0.28133704735376,0.18941504178273,0.52924791086351,8.05260824778434e-05,5.42155802821124e-05,0.000151484709611785
"CAMDA23_MetaSUB_gCSD16_DEN_8",107,116,49,0.393382352941176,0.180147058823529,0.426470588235294,0.000209138369463453,9.57736458290577e-05,0.00022672944726879
"CAMDA23_MetaSUB_gCSD16_DEN_9",78,128,45,0.310756972111554,0.179282868525896,0.50996015936255,0.000262044823102947,0.000151179705636315,0.000430022273809964
"CAMDA23_MetaSUB_gCSD16_DOH_10",1954,491,70,0.776938369781312,0.0278330019880716,0.195228628230616,0.00171496778949955,6.1436921834682e-05,0.000430936123154698
"CAMDA23_MetaSUB_gCSD16_DOH_11",2568,661,277,0.732458642327439,0.0790074158585282,0.188533941814033,0.00246532181185793,0.000265924510079691,0.000634570762320129
"CAMDA23_MetaSUB_gCSD16_DOH_12",4043,3395,1369,0.459066651527194,0.155444532758033,0.385488815714772,0.00199827307293672,0.000676635131548447,0.00167799581563694
"CAMDA23_MetaSUB_gCSD16_DOH_14",3348,1619,205,0.647331786542923,0.0396365042536736,0.313031709203403,0.00177435672943869,0.000108644901294782,0.000858029732664646
"CAMDA23_MetaSUB_gCSD16_DOH_15",3371,1134,147,0.72463456577816,0.0315993121238177,0.243766122098022,0.00156694348870137,6.83300779706618e-05,0.000527117744345105
"CAMDA23_MetaSUB_gCSD16_DOH_1",1666,1154,136,0.563599458728011,0.0460081190798376,0.390392422192152,0.000914686036488616,7.46682478766217e-05,0.000633582044482511
"CAMDA23_MetaSUB_gCSD16_DOH_2",1896,1266,949,0.461201654098759,0.230844076866942,0.307954269034298,0.000719085850734313,0.000359922190056363,0.000480149096534621
"CAMDA23_MetaSUB_gCSD16_DOH_3",4009,1176,169,0.748785954426597,0.0315651849084796,0.219648860664923,0.00586539868324799,0.000247256766642282,0.0017205559619605
"CAMDA23_MetaSUB_gCSD16_DOH_4",2420,1184,107,0.652115332794395,0.0288331985987604,0.319051468606845,0.00160469047045944,7.09511902227934e-05,0.000785104759100816
"CAMDA23_MetaSUB_gCSD16_DOH_5",4536,1515,126,0.734337056823701,0.0203982515784361,0.245264691597863,0.00504232507211659,0.000140064585336572,0.0016841098951183
"CAMDA23_MetaSUB_gCSD16_DOH_6",2056,767,90,0.705801579128047,0.0308959835221421,0.263302437349811,0.00175816056726332,7.69622816409043e-05,0.00065588966687304
"CAMDA23_MetaSUB_gCSD16_DOH_8",3406,847,179,0.768501805054152,0.0403880866425993,0.191110108303249,0.00571540760454615,0.000300369336821421,0.00142130071669131
"CAMDA23_MetaSUB_gCSD16_DOH_9",5212,1177,113,0.80159950784374,0.0173792679175638,0.181021224238696,0.00815731153041932,0.000176856523971102,0.00184212503286714
"CAMDA23_MetaSUB_gCSD16_ILR_10",7171,4541,2092,0.519487105186902,0.151550275282527,0.328962619530571,0.000293484464804415,8.5618393581207e-05,0.000185847574212362
"CAMDA23_MetaSUB_gCSD16_ILR_11",22266,13377,4643,0.552698207814129,0.115250955666981,0.33205083651889,0.00122132182389544,0.00025467516520015,0.000733747509128237
"CAMDA23_MetaSUB_gCSD16_ILR_12",7278,5268,2692,0.477621735135845,0.176663604147526,0.345714660716629,0.000233481032489184,8.63603928910255e-05,0.000168999461274117
"CAMDA23_MetaSUB_gCSD16_ILR_13",4295,3037,6657,0.307026949746229,0.475873900922153,0.217099149331618,0.000194104808733098,0.000300851155235445,0.000137251758817793
"CAMDA23_MetaSUB_gCSD16_ILR_14",2271,1045,762,0.55689063266307,0.186856302108877,0.256253065228053,0.000102282222187793,3.43192660973572e-05,4.70651352647484e-05
"CAMDA23_MetaSUB_gCSD16_ILR_15",148080,76298,22051,0.600903302776865,0.0894821632194263,0.309614534003709,0.00395281869901066,0.000588625102187224,0.00203668396202806
"CAMDA23_MetaSUB_gCSD16_ILR_16",8134977,32881,9502,0.994817031413561,0.00116198871029281,0.00402097987614585,0.311452486802953,0.000363789784482693,0.00125886885956382
"CAMDA23_MetaSUB_gCSD16_ILR_1",46386,2488198,519133,0.0151900126960029,0.170000363491443,0.814809623812554,0.00160698684873226,0.0179847346988945,0.0862006093011232
"CAMDA23_MetaSUB_gCSD16_ILR_2",5974,4565,3028,0.440333161347387,0.22318861944424,0.336478219208373,0.000212677456089973,0.000107798349019156,0.000162516335294732
"CAMDA23_MetaSUB_gCSD16_ILR_3",1811314,287915,71943,0.834256337130361,0.0331355599648485,0.132608102904791,0.0463018956892023,0.00183905014899034,0.00735985604779552
"CAMDA23_MetaSUB_gCSD16_ILR_4",9747,8012,2698,0.476462824461065,0.13188639585472,0.391650779684216,0.000265050076027522,7.33666877113218e-05,0.000217870237932954
"CAMDA23_MetaSUB_gCSD16_ILR_5",4721,3303,1114,0.516633836725761,0.121908513898008,0.361457649376231,0.0001369499610486,3.2315665453959e-05,9.58156579842248e-05
"CAMDA23_MetaSUB_gCSD16_ILR_6",3301388,1845878,407818,0.594300284208124,0.073413471335447,0.332286244456429,0.102310561687149,0.012638347460562,0.0572040653767299
"CAMDA23_MetaSUB_gCSD16_ILR_7",3935639,674696,199742,0.818207068202858,0.0415257385692578,0.140267193227884,0.0749704557688409,0.00380490913322584,0.0128523644128473
"CAMDA23_MetaSUB_gCSD16_ILR_9",4631,1545,1225,0.625726253209026,0.165518173219835,0.208755573571139,0.000147744822518621,3.90817118517189e-05,4.92908120905353e-05
"CAMDA23_MetaSUB_gCSD16_LIS_11",1761109,10970,4576,0.99124984873259,0.00257562666921828,0.00617452459819155,0.595419240824907,0.00154711516778052,0.00370888404513817
"CAMDA23_MetaSUB_gCSD16_LIS_12",2581,2744,663,0.431028724114896,0.110721442885772,0.458249832999332,0.00109205087662364,0.000280522948935092,0.00116101805713106
"CAMDA23_MetaSUB_gCSD16_LIS_13",6763,3093,1086,0.618077133979163,0.0992505940413087,0.282672271979528,0.00108592225355442,0.000174376987632722,0.000496637221683249
"CAMDA23_MetaSUB_gCSD16_LIS_14",4690,2417,427,0.622511282187417,0.0566764003185559,0.320812317494027,0.00137760871800144,0.000125424077310579,0.00070995314955426
"CAMDA23_MetaSUB_gCSD16_LIS_15",2706,2035,72,0.56222730105963,0.0149594847288593,0.42281321421151,0.000511160913304389,1.360073383515e-05,0.000384409629924032
"CAMDA23_MetaSUB_gCSD16_LIS_16",3293,2552,889,0.489010989010989,0.132016632016632,0.378972378972379,0.00107709628187541,0.000290780016576751,0.000834725086955981
"CAMDA23_MetaSUB_gCSD16_LIS_1",914390,3597,1494,0.994463180859637,0.00162482965934043,0.00391198948102245,0.422431232903798,0.000690200310543942,0.00166174733402045
"CAMDA23_MetaSUB_gCSD16_LIS_2",2498,976,131,0.692926490984743,0.0363384188626907,0.270735090152566,0.00090552194386344,4.74873397302284e-05,0.00035379880592903
"CAMDA23_MetaSUB_gCSD16_LIS_3",2591,1605,657,0.53389655882959,0.135380177209973,0.330723263960437,0.00116589345416747,0.000295635661670409,0.00072221497257383
"CAMDA23_MetaSUB_gCSD16_LIS_4",24498,5388,1689,0.775866983372922,0.0534916864608076,0.170641330166271,0.0106181020045146,0.000732058710328399,0.00233530629440463
"CAMDA23_MetaSUB_gCSD16_LIS_5",1745,723,47,0.693836978131213,0.0186878727634195,0.287475149105368,0.000952108142025071,2.56441734528243e-05,0.000394483774604084
"CAMDA23_MetaSUB_gCSD16_LIS_6",1576,639,46,0.69703670942061,0.0203449800973021,0.282618310482088,0.000678063526291741,1.97911942953173e-05,0.000274925503363212
"CAMDA23_MetaSUB_gCSD16_LIS_8",1621,1260,122,0.53979353979354,0.0406260406260406,0.41958041958042,0.00114114748328054,8.58852516719465e-05,0.0008870116156283
"CAMDA23_MetaSUB_gCSD16_LIS_9",2082,933,116,0.6649632705206,0.0370488661769403,0.297987863302459,0.000706256852251881,3.9349565255148e-05,0.000316492623991837
"CAMDA23_MetaSUB_gCSD16_NYC_10",25680,29935,3288,0.435971003174711,0.0558205863877901,0.508208410437499,0.00116234743850399,0.000148823924369202,0.00135494044281997
"CAMDA23_MetaSUB_gCSD16_NYC_11",307108,152390,30644,0.626569443140967,0.062520657278911,0.310909899580122,0.0173868627924658,0.0017349044095638,0.00862753175086243
"CAMDA23_MetaSUB_gCSD16_NYC_12",13584,12923,2843,0.46282793867121,0.0968654173764906,0.4403066439523,0.000889581833670201,0.000186180885830711,0.000846294613995878
"CAMDA23_MetaSUB_gCSD16_NYC_13",36011,31824,9416,0.466155777918732,0.121888389794307,0.411955832286961,0.00281497204609484,0.000736046674239234,0.00248767516578052
"CAMDA23_MetaSUB_gCSD16_NYC_14",5884,6098,1579,0.433891305950889,0.116436840940934,0.449671853108178,0.0010093100446419,0.000270853256371441,0.00104601846570807
"CAMDA23_MetaSUB_gCSD16_NYC_15",216121,12874,5789,0.920509915496797,0.0246567057380401,0.0548333787651629,0.0171543050859835,0.000459493858268092,0.00102185592180746
"CAMDA23_MetaSUB_gCSD16_NYC_16",15799,17279,3722,0.429320652173913,0.101141304347826,0.469538043478261,0.00131609330792502,0.000310051224260834,0.00143938073723883
"CAMDA23_MetaSUB_gCSD16_NYC_17",8481,12565,2823,0.355314424567431,0.118270560140768,0.526415015291801,0.000885127817529038,0.000294625141950769,0.00131135845150953
"CAMDA23_MetaSUB_gCSD16_NYC_18",42159,11364,3900,0.734183167023666,0.0679170367274437,0.19789979624889,0.00257020386357868,0.000237761689507741,0.000692800984504095
"CAMDA23_MetaSUB_gCSD16_NYC_19",12597,12141,1712,0.476257088846881,0.0647258979206049,0.459017013232514,0.0010994097905335,0.000149415699086557,0.00105961215105718
"CAMDA23_MetaSUB_gCSD16_NYC_1",4838,5157,1114,0.435502745521649,0.100279053020074,0.464218201458277,0.000844680416438968,0.00019449648282617,0.00090037554931289
"CAMDA23_MetaSUB_gCSD16_NYC_20",9725,48175,2018,0.162305150372175,0.0336793617944524,0.804015487833372,0.000897168361369268,0.000186168200847628,0.00444432758961074
"CAMDA23_MetaSUB_gCSD16_NYC_21",21948,12667,3904,0.5697967236948,0.101352579246606,0.328850697058594,0.00120686978788884,0.000214671936026883,0.00069652905062821
"CAMDA23_MetaSUB_gCSD16_NYC_22",21055,23556,2370,0.448159894425406,0.0504459249483834,0.501394180626211,0.00240026831021111,0.000270179809793414,0.00268538210949099
"CAMDA23_MetaSUB_gCSD16_NYC_23",10921,10564,2803,0.449645915678524,0.115406785243742,0.434947299077734,0.000543290275551793,0.000139441685044563,0.000525530489051291
"CAMDA23_MetaSUB_gCSD16_NYC_24",12047,11574,3656,0.441654140851267,0.134032334934194,0.42431352421454,0.00078333205671514,0.000237724080630078,0.000752576178668633
"CAMDA23_MetaSUB_gCSD16_NYC_25",11956,11679,2073,0.465069239147347,0.0806363777812354,0.454294383071417,0.00147005121080038,0.000254885928403244,0.00143599264728484
"CAMDA23_MetaSUB_gCSD16_NYC_26",218166,13840,3762,0.925341861490957,0.0159563638831394,0.0587017746259034,0.0222487894089048,0.00038365256619409,0.00141141720258538
"CAMDA23_MetaSUB_gCSD16_NYC_2",3895,5448,710,0.387446533373122,0.0706256838754601,0.541927782751418,0.000713734673945111,0.000130103111296798,0.000998312324429516
"CAMDA23_MetaSUB_gCSD16_NYC_3",5862,10587,1168,0.332746778679684,0.0662995969801896,0.600953624340126,0.000790742992205476,0.000157555069071306,0.00142811259953589
"CAMDA23_MetaSUB_gCSD16_NYC_4",28616,6045,1710,0.786780676912925,0.0470154793654285,0.166203843721646,0.00475417385762598,0.000284094118553971,0.001004297629625
"CAMDA23_MetaSUB_gCSD16_NYC_5",17315,20882,2830,0.422039144953323,0.068978965071782,0.508981889974895,0.000905792410375071,0.000148044615729798,0.00109239140129669
"CAMDA23_MetaSUB_gCSD16_NYC_6",8297,8134,1152,0.471876244099414,0.0655178297218905,0.462605926178695,0.00031302956022233,4.34627037936753e-05,0.000306879889459857
"CAMDA23_MetaSUB_gCSD16_NYC_7",611239,164769,27405,0.760802974310846,0.0341107251189612,0.205086300570192,0.0338748136158973,0.00151878277914804,0.00913148402617926
"CAMDA23_MetaSUB_gCSD16_NYC_8",14480,14770,2697,0.453250696466022,0.0844210724011644,0.462328231132814,0.000659820813081513,0.000122896183210003,0.000673035456437427
"CAMDA23_MetaSUB_gCSD16_NYC_9",13282,14653,3162,0.427115155802811,0.10168183426054,0.47120300993665,0.00116112268902097,0.000276424479949128,0.00128097656694958
"CAMDA23_MetaSUB_gCSD16_SAC_10",476,686,165,0.358703843255463,0.124340617935192,0.516955538809344,0.000520886908448654,0.000180559537592496,0.000750689956293649
"CAMDA23_MetaSUB_gCSD16_SAC_11",572,657,173,0.407988587731812,0.12339514978602,0.468616262482168,0.000570286289699453,0.000172481692513995,0.000655031629951994
"CAMDA23_MetaSUB_gCSD16_SAC_12",1035,1262,257,0.405246671887236,0.100626468285043,0.494126859827721,0.0012321853968768,0.00030596294395878,0.00150243282208552
"CAMDA23_MetaSUB_gCSD16_SAC_13",1729,1595,340,0.47188864628821,0.0927947598253275,0.435316593886463,0.00100280774568935,0.000197197590245447,0.000925088695416142
"CAMDA23_MetaSUB_gCSD16_SAC_14",789,1121,644,0.308927173061864,0.252153484729836,0.438919342208301,0.000629902401053829,0.000514140869808195,0.000894956389836936
"CAMDA23_MetaSUB_gCSD16_SAC_15",6488,2011,305,0.736937755565652,0.0346433439345752,0.228418900499773,0.00432360677302864,0.000203252167967592,0.00134013150748468
"CAMDA23_MetaSUB_gCSD16_SAC_16",461,528,131,0.411607142857143,0.116964285714286,0.471428571428571,0.000437295521657511,0.000124264020254087,0.000500850402245479
"CAMDA23_MetaSUB_gCSD16_SAC_1",743,833,261,0.404463799673381,0.142079477408819,0.453456722917801,0.000474883580021399,0.000166816439280734,0.000532406490118203
"CAMDA23_MetaSUB_gCSD16_SAC_2",650,753,265,0.38968824940048,0.158872901678657,0.451438848920863,0.00048927803638422,0.000199474891756644,0.000566809786765104
"CAMDA23_MetaSUB_gCSD16_SAC_3",1084,942,259,0.474398249452954,0.113347921225383,0.412253829321663,0.000511273244891866,0.000122158459803499,0.000444298336428172
"CAMDA23_MetaSUB_gCSD16_SAC_4",598,615,150,0.438738077769626,0.110051357300073,0.451210564930301,0.000549951810242715,0.000137947778488975,0.000565585891804798
"CAMDA23_MetaSUB_gCSD16_SAC_5",1045,1134,300,0.421540943929004,0.121016538926987,0.45744251714401,0.000550945596626631,0.000158166199988507,0.000597868235956555
"CAMDA23_MetaSUB_gCSD16_SAC_6",620,889,142,0.375529981829194,0.0860084797092671,0.538461538461538,0.000441409006025233,0.000101096901379973,0.000632923558639407
"CAMDA23_MetaSUB_gCSD16_SAC_7",1554,1239,236,0.513040607461208,0.0779135028062067,0.409045889732585,0.00225347374282557,0.000342226385654334,0.00179668852468525
"CAMDA23_MetaSUB_gCSD16_SAC_8",514,658,108,0.4015625,0.084375,0.5140625,0.000417191876608603,8.7658993528656e-05,0.000534070534646811
"CAMDA23_MetaSUB_gCSD16_SAC_9",1188,915,263,0.502113271344041,0.111158072696534,0.386728655959425,0.00103255054760814,0.000228586526953654,0.000795272517728493
"CAMDA23_MetaSUB_gCSD16_TOK_10",11757,21441,1988,0.33413857784346,0.0564997442164497,0.60936167794009,0.00212453493610403,0.000359239215188807,0.00387447083142013
"CAMDA23_MetaSUB_gCSD16_TOK_11",21996,29883,116873,0.130345121835593,0.692572532473689,0.177082345690718,0.000815224461359228,0.00433159340209297,0.00110753557823231
"CAMDA23_MetaSUB_gCSD16_TOK_12",5592,14094,2838,0.248268513585509,0.125998934469899,0.625732551944592,0.000254865576183523,0.000129347014522324,0.000642359697913192
"CAMDA23_MetaSUB_gCSD16_TOK_13",14346,17967,4789,0.386663791709342,0.129076599644224,0.484259608646434,0.000598858587054402,0.000199911736609754,0.000750013399805273
"CAMDA23_MetaSUB_gCSD16_TOK_14",25323,27212,66125,0.213408056632395,0.557264453059161,0.229327490308444,0.00101972137843877,0.00266276018438824,0.00109578873553985
"CAMDA23_MetaSUB_gCSD16_TOK_15",14332,11083,6167,0.453802799062757,0.195269457285796,0.350927743651447,0.000690406827955888,0.000297079186994416,0.000533894702360809
"CAMDA23_MetaSUB_gCSD16_TOK_16",7591,14808,4078,0.286701665596556,0.154020470597122,0.559277863806322,0.000433720076114417,0.000233000984112053,0.000846071253734986
"CAMDA23_MetaSUB_gCSD16_TOK_17",5829,9973,1878,0.329694570135747,0.106221719457014,0.56408371040724,0.000260524096355925,8.3936224559346e-05,0.00044573800187985
"CAMDA23_MetaSUB_gCSD16_TOK_18",8757,7264,2285,0.478367748279253,0.124822462580575,0.396809789140173,0.000469460186189722,0.000122498175795765,0.000389420896709163
"CAMDA23_MetaSUB_gCSD16_TOK_19",8507,21364,1662,0.269780864491168,0.0527066882313767,0.677512447277455,0.0002666855930781,5.21019696362762e-05,0.000669739157225875
"CAMDA23_MetaSUB_gCSD16_TOK_1",14157,15634,5981,0.395756457564576,0.16719780834172,0.437045734093705,0.000820353101252851,0.000346579917962372,0.000905940551316456
"CAMDA23_MetaSUB_gCSD16_TOK_20",14031,17593,4433,0.38913387137033,0.122944227195829,0.487921901433841,0.000500818796435095,0.000158230327460393,0.000627959880670133
"CAMDA23_MetaSUB_gCSD16_TOK_21",10815,11325,7726,0.362117457978973,0.258688810018081,0.379193732002946,0.000389163514346244,0.000278009922500146,0.000407515191860491
"CAMDA23_MetaSUB_gCSD16_TOK_22",3624,4108,77570,0.0424843497221636,0.90935734214907,0.048158308128766,0.000115402560688564,0.00247013703990394,0.000130815043959332
"CAMDA23_MetaSUB_gCSD16_TOK_23",3570,9673,2048,0.233470669020993,0.133934994441175,0.632594336537833,0.000221481606479919,0.00012705723531397,0.000600109686128923
"CAMDA23_MetaSUB_gCSD16_TOK_24",11538,14196,3686,0.392182188987084,0.125288919102651,0.482528891910265,0.000832695171861918,0.000266017889017423,0.00102452250474534
"CAMDA23_MetaSUB_gCSD16_TOK_2",5369,15463,2122,0.233902587784264,0.0924457610873922,0.673651651128344,0.000280382402116305,0.000110816065801974,0.000807515940384508
"CAMDA23_MetaSUB_gCSD16_TOK_3",8309,13433,2387,0.34435741224253,0.0989266028430519,0.556715984914418,0.000429223813640928,0.00012330692540148,0.000693917858784281
"CAMDA23_MetaSUB_gCSD16_TOK_4",6894,6752,3793,0.395320832616549,0.217501003497907,0.387178163885544,0.000210674962056963,0.000115910956060641,0.000206335559009082
"CAMDA23_MetaSUB_gCSD16_TOK_5",17179,29002,8158,0.316144941938571,0.150131581368814,0.533723476692615,0.00175828985201973,0.000834980418695906,0.00296838711731045
"CAMDA23_MetaSUB_gCSD16_TOK_6",5366,8589,1587,0.345258010552053,0.102110410500579,0.552631578947368,0.000209758696972407,6.20363496263903e-05,0.000335746822269103
"CAMDA23_MetaSUB_gCSD16_TOK_7",44178,51780,11884,0.409654865451308,0.110198252999759,0.480146881548933,0.00295095219274424,0.000793814021879048,0.00345874201050969
"CAMDA23_MetaSUB_gCSD16_TOK_8",21390,160021,46330,0.0939224821178444,0.203432846962119,0.702644670920036,0.000772100594419998,0.0016723431762262,0.00577617153902209
"CAMDA23_MetaSUB_gCSD16_TOK_9",11080,17583,2218,0.358796671092257,0.0718240989605259,0.569379229947217,0.000466223103913135,9.33287765775572e-05,0.000739855671128579
"CAMDA23_MetaSUB_gCSD17_BAL_10",918,1399,165,0.36986301369863,0.0664786462530218,0.563658340048348,0.000617913847462784,0.000111062946439389,0.000941679164052761
"CAMDA23_MetaSUB_gCSD17_BAL_11",723,1117,175,0.358808933002481,0.086848635235732,0.554342431761787,0.000752670261716879,0.000182181598617502,0.00116283911803286
"CAMDA23_MetaSUB_gCSD17_BAL_12",2307,4171,371,0.336837494524748,0.0541684917506205,0.608994013724631,0.000853030309753165,0.000137179993462689,0.00154225809361961
"CAMDA23_MetaSUB_gCSD17_BAL_14",1510,4408,270,0.244020685197156,0.0436328377504848,0.712346477052359,0.00138988860641116,0.000248523128298684,0.00405737018348371
"CAMDA23_MetaSUB_gCSD17_BAL_1",2298,5539,193,0.286176836861768,0.0240348692403487,0.689788293897883,0.000970924241291152,8.15441160005188e-05,0.00234027387837758
"CAMDA23_MetaSUB_gCSD17_BAL_2",7964,8282,1066,0.460027726432532,0.0615757855822551,0.478396487985213,0.00261603652728049,0.000350162598955425,0.0027204940380383
"CAMDA23_MetaSUB_gCSD17_BAL_3",4422,6625,393,0.386538461538462,0.0343531468531469,0.579108391608392,0.00188860961687534,0.000167847937456356,0.0028294976734055
"CAMDA23_MetaSUB_gCSD17_BAL_4",271,583,66,0.294565217391304,0.0717391304347826,0.633695652173913,0.00040645102265177,9.89880719373315e-05,0.000874394635446429
"CAMDA23_MetaSUB_gCSD17_BAL_5",377,450,298,0.335111111111111,0.264888888888889,0.4,0.000363377346651386,0.000287231961013563,0.000433739538443299
"CAMDA23_MetaSUB_gCSD17_BAL_6",422,1409,380,0.190863862505654,0.171867933061963,0.637268204432384,0.000525113359779801,0.000472850892692712,0.0017532813363264
"CAMDA23_MetaSUB_gCSD17_BAL_7",1229,1973,479,0.333876663950014,0.13012768269492,0.535995653355067,0.000672943088398111,0.000262278062931404,0.00108032279366108
"CAMDA23_MetaSUB_gCSD17_BAL_8",1870,3223,559,0.330856334041047,0.0989030431705591,0.570240622788393,0.000769131108062921,0.000229916732303301,0.00132562008624962
"CAMDA23_MetaSUB_gCSD17_BAL_9",735,5004,462,0.118529269472666,0.0745041122399613,0.806966618287373,0.000478842647094272,0.000300986806744971,0.00326003891980917
"CAMDA23_MetaSUB_gCSD17_DEN_10",610,1943,249,0.217701641684511,0.088865096359743,0.693433261955746,0.000690531120313162,0.000281872539275372,0.00219951142093192
"CAMDA23_MetaSUB_gCSD17_DEN_11",330,527,109,0.341614906832298,0.112836438923395,0.545548654244306,0.000189472560067108,6.25833607494386e-05,0.000302581936834442
"CAMDA23_MetaSUB_gCSD17_DEN_12",203,1293,131,0.124769514443762,0.0805162876459742,0.794714197910264,0.000279847531344991,0.000180591264069921,0.00178247713314815
"CAMDA23_MetaSUB_gCSD17_DEN_13",109,383,53,0.2,0.0972477064220184,0.702752293577982,6.99321786183326e-05,3.40037198786388e-05,0.000245724994594692
"CAMDA23_MetaSUB_gCSD17_DEN_15",1113,2444,380,0.282702565405131,0.0965201930403861,0.620777241554483,0.000378654500732304,0.000129280063143105,0.000831474932425651
"CAMDA23_MetaSUB_gCSD17_DEN_16",365,780,126,0.287175452399685,0.0991345397324941,0.613690007867821,0.000267540779811739,9.23565431678881e-05,0.000571730981515498
"CAMDA23_MetaSUB_gCSD17_DEN_17",265,2148,237,0.1,0.0894339622641509,0.810566037735849,0.000272750196843302,0.000243931308120237,0.00221082046346949
"CAMDA23_MetaSUB_gCSD17_DEN_18",240,1512,225,0.121396054628225,0.113808801213961,0.764795144157815,0.000401628603989176,0.000376526816239853,0.00253026020513181
"CAMDA23_MetaSUB_gCSD17_DEN_19",391,1344,225,0.199489795918367,0.114795918367347,0.685714285714286,0.000296644503048383,0.000170703358531678,0.00101966806162922
"CAMDA23_MetaSUB_gCSD17_DEN_1",215,3673,355,0.0506716945557389,0.0836672165920339,0.865661088852227,0.000230640913552567,0.000380825694470518,0.00394020500222595
"CAMDA23_MetaSUB_gCSD17_DEN_20",76,922,266,0.060126582278481,0.210443037974684,0.729430379746835,0.000490057001367001,0.0017151995047845,0.00594516520079441
"CAMDA23_MetaSUB_gCSD17_DEN_21",252,610,211,0.234855545200373,0.196644920782852,0.568499534016775,0.000341609223449033,0.000286029945030738,0.000826911215491707
"CAMDA23_MetaSUB_gCSD17_DEN_22",734,54505,242,0.0132297543303113,0.00436185360754132,0.982408392062147,0.00129409213442338,0.000426662529333049,0.0960960378566026
"CAMDA23_MetaSUB_gCSD17_DEN_23",1089,17499,293,0.0576770298183359,0.0155182458556221,0.926804724326042,0.000933551533501984,0.000251175940602462,0.0150011187187798
"CAMDA23_MetaSUB_gCSD17_DEN_2",212,2191,190,0.0817585807944466,0.0732741997686078,0.844967219436946,0.000390908789178465,0.000350342782754284,0.00404000545797177
"CAMDA23_MetaSUB_gCSD17_DEN_3",323,1698,168,0.147555961626313,0.0767473732297853,0.775696665143901,0.000285467074510442,0.000148478230705121,0.00150069068891248
"CAMDA23_MetaSUB_gCSD17_DEN_4",55,1374,129,0.0353016688061617,0.082798459563543,0.881899871630295,0.000557407951677798,0.0013073750139352,0.0139250641019144
"CAMDA23_MetaSUB_gCSD17_DEN_5",215,1083,181,0.145368492224476,0.12237998647735,0.732251521298174,0.000327440421073152,0.000275659145182514,0.00164938593498709
"CAMDA23_MetaSUB_gCSD17_DEN_6",641,47140,187,0.0133630753835891,0.00389843228819213,0.982738492328219,0.00135428352908118,0.000395087394599345,0.0995958277080917
"CAMDA23_MetaSUB_gCSD17_DEN_7",894,15602,325,0.0531478509006599,0.0193210867368171,0.927531062362523,0.000873739723296208,0.000317634686880612,0.0152484196452656
"CAMDA23_MetaSUB_gCSD17_DEN_8",288,1102,161,0.18568665377176,0.103803997421019,0.710509348807221,0.000203133761465949,0.00011355741526395,0.000777268767831512
"CAMDA23_MetaSUB_gCSD17_DEN_9",652,1629,144,0.268865979381443,0.0593814432989691,0.671752577319588,0.000407712775104508,9.00469932746152e-05,0.00101865661141908
"CAMDA23_MetaSUB_gCSD17_DOH_10",937,1112,273,0.403531438415159,0.117571059431525,0.478897502153316,0.000372981046034698,0.000108670037958882,0.000442641326777571
"CAMDA23_MetaSUB_gCSD17_DOH_11",1454,1300,242,0.485313751668892,0.0807743658210948,0.433911882510013,0.000697453096998745,0.000116082289871868,0.000623582548898465
"CAMDA23_MetaSUB_gCSD17_DOH_12",3526,1405,181,0.689749608763693,0.0354068857589984,0.274843505477308,0.00100876792701624,5.17830387946511e-05,0.000401962262466767
"CAMDA23_MetaSUB_gCSD17_DOH_13",541,2808,309,0.147895024603609,0.0844723892837616,0.76763258611263,0.000985392153291319,0.00056282102655641,0.00511456777530873
"CAMDA23_MetaSUB_gCSD17_DOH_14",4239,889,910,0.702053660152368,0.15071215634316,0.147234183504472,0.00259965656813443,0.000558076781552803,0.000545198086593892
"CAMDA23_MetaSUB_gCSD17_DOH_1",3960,3313,227,0.528,0.0302666666666667,0.441733333333333,0.00174781578198205,0.000100190450128769,0.00146225093073397
"CAMDA23_MetaSUB_gCSD17_DOH_2",2645,2872,301,0.454623581986937,0.0517359917497422,0.493640426263321,0.0010162164322005,0.000115645045781607,0.00110343047004909
"CAMDA23_MetaSUB_gCSD17_DOH_3",915,979,340,0.409579230080573,0.152193375111907,0.43822739480752,0.00037380764553067,0.000138901201617954,0.00039995375407052
"CAMDA23_MetaSUB_gCSD17_DOH_4",1390,2194,153,0.371956114530372,0.0409419320310409,0.587101953438587,0.000548295137411045,6.03519108085539e-05,0.000865438511855995
"CAMDA23_MetaSUB_gCSD17_DOH_5",914,1525,303,0.333333333333333,0.110503282275711,0.556163384390955,0.000313475538275912,0.000103920227677901,0.000523030848873923
"CAMDA23_MetaSUB_gCSD17_DOH_6",1023,1809,446,0.312080536912752,0.136058572300183,0.551860890787065,0.000760421792514119,0.000331523088427466,0.00134467548646925
"CAMDA23_MetaSUB_gCSD17_DOH_7",4669,6081,465,0.4163174320107,0.0414623272403032,0.542220240748997,0.00107609754343687,0.000107171847868525,0.00140153119760968
"CAMDA23_MetaSUB_gCSD17_DOH_8",1504,1282,716,0.429468874928612,0.20445459737293,0.366076527698458,0.00108114946891408,0.00051469615674367,0.000921564906348303
"CAMDA23_MetaSUB_gCSD17_DOH_9",8210,6104,289,0.562213243854003,0.019790454016298,0.417996302129699,0.00287166156226784,0.000101085285200415,0.00213503315177623
"CAMDA23_MetaSUB_gCSD17_ILR_10",931,1784,220,0.317206132879046,0.0749574105621806,0.607836456558773,0.000523315945678568,0.000123662199838115,0.00100278802050544
"CAMDA23_MetaSUB_gCSD17_ILR_11",6532,1012,161,0.847761194029851,0.0208955223880597,0.13134328358209,0.00223301657908834,5.50391410338675e-05,0.000345960315070024
"CAMDA23_MetaSUB_gCSD17_ILR_12",6527,9619,1536,0.369132451080195,0.0868680013573125,0.543999547562493,0.00134611069497012,0.000316780454645948,0.00198379634976522
"CAMDA23_MetaSUB_gCSD17_ILR_13",1509,1923,366,0.397314375987362,0.0963665086887836,0.506319115323855,0.000979288280015445,0.000237521213045496,0.0012479598160833
"CAMDA23_MetaSUB_gCSD17_ILR_14",6741,9116,830,0.403967160064721,0.049739318032001,0.546293521903278,0.00195736708719619,0.000241004996643352,0.00264698981855518
"CAMDA23_MetaSUB_gCSD17_ILR_15",2554,9217,624,0.206050826946349,0.0503428801936265,0.743606292860024,0.000862154231087715,0.000210643790210937,0.00311138431790739
"CAMDA23_MetaSUB_gCSD17_ILR_16",2001,2392,290,0.427290198590647,0.0619261157377749,0.510783685671578,0.000527451324097883,7.64422208837511e-05,0.000630516525358389
"CAMDA23_MetaSUB_gCSD17_ILR_17",1081,1632,443,0.342522179974651,0.140367553865653,0.517110266159696,0.00057891444704834,0.000237242460723788,0.000873994798874089
"CAMDA23_MetaSUB_gCSD17_ILR_18",783,1145,404,0.335763293310463,0.173241852487136,0.490994854202401,0.000594892585040009,0.000306943300582584,0.000869925938532325
"CAMDA23_MetaSUB_gCSD17_ILR_1",2783,5498,386,0.321103034498673,0.0445367485865928,0.634360216914734,0.000788610235271082,0.000109379644561494,0.00155795151761423
"CAMDA23_MetaSUB_gCSD17_ILR_2",7076,5841,1334,0.496526559539681,0.0936074661427268,0.409865974317592,0.00202934462149109,0.000382581363067993,0.00167515572839591
"CAMDA23_MetaSUB_gCSD17_ILR_3",1443,2136,450,0.358153387937453,0.111690245718541,0.530156366344006,0.000807716462974345,0.00025188663086518,0.00119562187450672
"CAMDA23_MetaSUB_gCSD17_ILR_4",1308,1702,345,0.389865871833085,0.102831594634873,0.507302533532042,0.000420903726639119,0.000111018184778667,0.000547689711574756
"CAMDA23_MetaSUB_gCSD17_ILR_5",1237,2486,323,0.305734058329214,0.0798319327731092,0.614434008897677,0.000545942591731154,0.000142554128641199,0.00109718131208056
"CAMDA23_MetaSUB_gCSD17_ILR_6",3947,6607,760,0.348859819692416,0.0671734134700371,0.583966766837546,0.000660926137192325,0.00012726219008517,0.00110634380249042
"CAMDA23_MetaSUB_gCSD17_ILR_7",932,1310,391,0.353968856817319,0.148499810102545,0.497531333080137,0.000451762698555038,0.000189527054865901,0.000634988342389592
"CAMDA23_MetaSUB_gCSD17_ILR_8",1254,1886,434,0.350867375489647,0.121432568550644,0.527700055959709,0.000510058400466618,0.000176527388997219,0.000767121326379618
"CAMDA23_MetaSUB_gCSD17_ILR_9",1303,3589,417,0.245432284799397,0.0785458655113957,0.676021849689207,0.000532524016710546,0.000170424032976437,0.00146679101763174
"CAMDA23_MetaSUB_gCSD17_MIN_1",1269,2195,346,0.333070866141732,0.0908136482939633,0.576115485564304,0.000659547983545083,0.000179829473842868,0.00114082570833842
"CAMDA23_MetaSUB_gCSD17_MIN_2",703,4275,217,0.135322425409047,0.0417709335899904,0.822906641000962,0.00040174275205786,0.00012400878690833,0.0024430302490005
"CAMDA23_MetaSUB_gCSD17_MIN_3",1035,1828,268,0.330565314595976,0.0855956563398275,0.583839029064197,0.000431449905122707,0.00011171842953902,0.000762019735810926
"CAMDA23_MetaSUB_gCSD17_MIN_4",3047,3752,341,0.426750700280112,0.0477591036414566,0.525490196078431,0.00146762176877564,0.000164246479538068,0.00180719293614906
"CAMDA23_MetaSUB_gCSD17_MIN_5",786,1883,147,0.279119318181818,0.0522017045454545,0.668678977272727,0.000466849803251912,8.73116044249759e-05,0.00111842007572945
"CAMDA23_MetaSUB_gCSD17_MIN_6",1055,2136,193,0.311761229314421,0.0570330969267139,0.631205673758865,0.000520212601768131,9.51668551101889e-05,0.00105324560888789
"CAMDA23_MetaSUB_gCSD17_NYC_10",2770,6258,169,0.301185169076873,0.0183755572469283,0.680439273676199,0.000854749118790687,5.21489534569048e-05,0.00193105414635095
"CAMDA23_MetaSUB_gCSD17_NYC_11",1110,1467,464,0.365011509371917,0.152581387701414,0.482407102926669,0.000461739284528739,0.000193015340559761,0.000610244621985279
"CAMDA23_MetaSUB_gCSD17_NYC_12",896,1332,370,0.344880677444188,0.142417244033872,0.51270207852194,0.000835956582504996,0.000345205285186215,0.00124273902667037
"CAMDA23_MetaSUB_gCSD17_NYC_13",2601,6856,405,0.263739606570675,0.0410667207462989,0.695193672683026,0.000858749138279411,0.000133715263745929,0.0022635848104743
"CAMDA23_MetaSUB_gCSD17_NYC_14",2095,3458,1062,0.316704459561602,0.160544217687075,0.522751322751323,0.00100151924972584,0.000507691381006606,0.00165310432723243
"CAMDA23_MetaSUB_gCSD17_NYC_15",1732,3628,204,0.311286843997124,0.0366642703091301,0.652048885693746,0.000862324771822493,0.000101567120930594,0.00180630154282448
"CAMDA23_MetaSUB_gCSD17_NYC_16",2161,4596,209,0.310221073786965,0.0300028710881424,0.659776055124892,0.000744746624171422,7.20277854936729e-05,0.0015839220197556
"CAMDA23_MetaSUB_gCSD17_NYC_17",16461,24406,783,0.395222088835534,0.0187995198079232,0.585978391356543,0.00315072669986787,0.000149870542858669,0.00467144376629459
"CAMDA23_MetaSUB_gCSD17_NYC_18",1088,1373,240,0.402813772676786,0.0888559792669382,0.508330248056275,0.000351825856548828,7.76086448269473e-05,0.000443986122280828
"CAMDA23_MetaSUB_gCSD17_NYC_19",1018,2924,112,0.251110014800197,0.0276270350271337,0.721262950172669,0.000198309692337512,2.18179622218088e-05,0.000569604656576508
"CAMDA23_MetaSUB_gCSD17_NYC_1",1149,1613,793,0.323206751054852,0.223066104078762,0.453727144866385,0.000674236422850101,0.000465334624299504,0.000946512924331778
"CAMDA23_MetaSUB_gCSD17_NYC_20",7087,7568,252,0.47541423492319,0.0169048098208895,0.50768095525592,0.00181886216787223,6.46752174832512e-05,0.00194230970600494
"CAMDA23_MetaSUB_gCSD17_NYC_2",2804,6857,545,0.274740348814423,0.0533999608073682,0.671859690378209,0.00109825591164445,0.000213462721771122,0.00268571354712767
"CAMDA23_MetaSUB_gCSD17_NYC_3",6855,2831,1146,0.632847119645495,0.105797636632201,0.261355243722304,0.00229841585333592,0.000384242825371695,0.000949207189029029
"CAMDA23_MetaSUB_gCSD17_NYC_4",1784,6171,194,0.218922567186158,0.0238066020370598,0.757270830776782,0.000980637898356662,0.000106638874597081,0.00339210564504426
"CAMDA23_MetaSUB_gCSD17_NYC_5",3330,7183,180,0.311418685121107,0.0168334424389788,0.671747872439914,0.000773166793670341,4.17927996578563e-05,0.00166776488856879
"CAMDA23_MetaSUB_gCSD17_NYC_6",5612,21893,422,0.200952483259928,0.0151108246499803,0.783936692090092,0.00141308554480466,0.000106258392713394,0.00551259476700078
"CAMDA23_MetaSUB_gCSD17_NYC_7",8583,6907,455,0.538287864534337,0.028535591094387,0.433176544371276,0.00299256722031891,0.000158641277553898,0.00240820945948302
"CAMDA23_MetaSUB_gCSD17_NYC_8",4341,13414,289,0.24057858567945,0.0160164043449346,0.743405009975615,0.00122626564399709,8.16380490935634e-05,0.00378924841017668
"CAMDA23_MetaSUB_gCSD17_NYC_9",4415,1282,129,0.757809818056986,0.0221421215242019,0.220048060418812,0.00152641141195649,4.45995633391589e-05,0.000443229768998463
"CAMDA23_MetaSUB_gCSD17_SAN_10",512,2713,376,0.142182727020272,0.104415440155512,0.753401832824215,0.000515784309478645,0.00037877910227338,0.00273305240549915
"CAMDA23_MetaSUB_gCSD17_SAN_11",736,1091,278,0.349643705463183,0.132066508313539,0.518289786223278,0.000552903305775811,0.00020884119430119,0.000819589003534525
"CAMDA23_MetaSUB_gCSD17_SAN_12",132,2199,228,0.0515826494724502,0.0890973036342321,0.859320046893318,0.000994492620412715,0.00171775998071287,0.0165673429718754
"CAMDA23_MetaSUB_gCSD17_SAN_13",160,349,447,0.167364016736402,0.467573221757322,0.365062761506276,0.000237871879232447,0.000664554562605649,0.000518858036575775
"CAMDA23_MetaSUB_gCSD17_SAN_14",463,701,263,0.324456902592852,0.184302733006307,0.491240364400841,0.000382072151396296,0.00021703018535038,0.000578472090990937
"CAMDA23_MetaSUB_gCSD17_SAN_15",497,1146,382,0.245432098765432,0.188641975308642,0.565925925925926,0.000364798755133423,0.000280388580404361,0.000841165741213084
"CAMDA23_MetaSUB_gCSD17_SAN_16",168,356,279,0.209215442092154,0.347447073474471,0.443337484433375,0.000418044596400337,0.000694252633307703,0.000885856406657858
"CAMDA23_MetaSUB_gCSD17_SAN_1",192,364,58,0.312703583061889,0.0944625407166124,0.592833876221498,0.000789866668860741,0.000238605556218349,0.00149745555971515
"CAMDA23_MetaSUB_gCSD17_SAN_2",784,1577,227,0.302936630602782,0.0877125193199382,0.60935085007728,0.000306313057414554,8.86901326952853e-05,0.000616142463702489
"CAMDA23_MetaSUB_gCSD17_SAN_3",67,1099,243,0.0475514549325763,0.172462739531583,0.779985805535841,0.000625425896365996,0.00226833571368563,0.0102588516433766
"CAMDA23_MetaSUB_gCSD17_SAN_4",210,399,634,0.168946098149638,0.51005631536605,0.320997586484312,0.000678281428654483,0.00204776393222354,0.00128873471444352
"CAMDA23_MetaSUB_gCSD17_SAN_5",290,517,618,0.203508771929825,0.433684210526316,0.36280701754386,0.000903117311824608,0.00192457413347451,0.00161004017314939
"CAMDA23_MetaSUB_gCSD17_SAN_6",115,421,305,0.136741973840666,0.362663495838288,0.500594530321046,0.000713638563786877,0.00189269358221737,0.00261253769873283
"CAMDA23_MetaSUB_gCSD17_SAN_7",1046,1255,2171,0.233899821109123,0.48546511627907,0.280635062611807,0.00115547552899459,0.00239821928627845,0.00138634970256999
"CAMDA23_MetaSUB_gCSD17_SAN_8",576,988,206,0.325423728813559,0.11638418079096,0.55819209039548,0.000533429153014523,0.000190775009585055,0.000914979172184633
"CAMDA23_MetaSUB_gCSD17_SAN_9",915,1694,252,0.319818245368752,0.0880810905277875,0.59210066410346,0.000524069090061416,0.000144333782180849,0.000970243757993486
"CAMDA23_MetaSUB_gCSD17_SAO_10",218,18521,532,0.0113123345960251,0.0276062477297494,0.961081417674226,0.000112617964735079,0.000274829161647074,0.00956787763696514
"CAMDA23_MetaSUB_gCSD17_SAO_11",893,1130,650,0.334081556303779,0.243172465394688,0.422745978301534,0.000394126326093855,0.000286878064905942,0.000498726482067252
"CAMDA23_MetaSUB_gCSD17_SAO_12",277,9338,410,0.0276309226932668,0.0408977556109726,0.931471321695761,0.000142620887936023,0.000211099509219385,0.00480792004168443
"CAMDA23_MetaSUB_gCSD17_SAO_13",5798,11052,425,0.335629522431259,0.0246020260492041,0.639768451519537,0.0115662977473847,0.000847822791072526,0.0220473823221966
"CAMDA23_MetaSUB_gCSD17_SAO_14",271,1897,247,0.112215320910973,0.102277432712215,0.785507246376812,0.000263747472014544,0.000240389762315839,0.00184623230410181
"CAMDA23_MetaSUB_gCSD17_SAO_15",498,1683,225,0.206982543640898,0.0935162094763092,0.699501246882793,0.000212885379177502,9.61831532428471e-05,0.000719449986256496
"CAMDA23_MetaSUB_gCSD17_SAO_16",216,363,238,0.26438188494492,0.291309669522644,0.444308445532436,0.000283182128061251,0.000312024752215638,0.000475903298547381
"CAMDA23_MetaSUB_gCSD17_SAO_17",164,402,246,0.201970443349754,0.302955665024631,0.495073891625616,0.000372218855608589,0.000558328283412884,0.000912390121674713
"CAMDA23_MetaSUB_gCSD17_SAO_18",825,781,476,0.396253602305476,0.228626320845341,0.375120076849183,0.000555050590338352,0.00032024737091037,0.000525447892186973
"CAMDA23_MetaSUB_gCSD17_SAO_19",598,502,603,0.351145038167939,0.354081033470346,0.294773928361715,0.000297216552079248,0.000299701640307336,0.000249502858099971
"CAMDA23_MetaSUB_gCSD17_SAO_1",317,616,439,0.231049562682216,0.31997084548105,0.448979591836735,0.000210147819434629,0.000291024898207578,0.000408362955115873
"CAMDA23_MetaSUB_gCSD17_SAO_20",556,664,135,0.410332103321033,0.0996309963099631,0.490036900369004,0.000533325148007321,0.000129494415433432,0.000636920680354067
"CAMDA23_MetaSUB_gCSD17_SAO_21",640,953,190,0.358945597307908,0.106561974200785,0.534492428491307,0.000661121510001529,0.000196270448281704,0.000984451248486652
"CAMDA23_MetaSUB_gCSD17_SAO_22",152,227,227,0.250825082508251,0.374587458745875,0.374587458745875,0.000285215159185711,0.000425946323257607,0.000425946323257607
"CAMDA23_MetaSUB_gCSD17_SAO_23",2641,4334,404,0.357907575552243,0.0547499661200705,0.587342458327687,0.00316349179540437,0.000483926802477609,0.00519143257905435
"CAMDA23_MetaSUB_gCSD17_SAO_24",78,187,265,0.147169811320755,0.5,0.352830188679245,0.000261983212921818,0.000890071172106177,0.000628087959184359
"CAMDA23_MetaSUB_gCSD17_SAO_25",324,462,161,0.342133051742344,0.170010559662091,0.487856388595565,0.000189879871678714,9.43538868526942e-05,0.000270754631838166
"CAMDA23_MetaSUB_gCSD17_SAO_2",392,6242,436,0.0554455445544554,0.0616690240452617,0.882885431400283,0.000210528690173197,0.000234159461519169,0.00335234715321709
"CAMDA23_MetaSUB_gCSD17_SAO_3",861,1763,474,0.277921239509361,0.153001936733376,0.569076823757263,0.000568379484735281,0.000312905779052872,0.00116382465921986
"CAMDA23_MetaSUB_gCSD17_SAO_4",251,1646,24,0.130661114003123,0.0124934929724102,0.856845393024466,5.64675476953929e-05,5.39928742904155e-06,0.000370301129508433
"CAMDA23_MetaSUB_gCSD17_SAO_5",328,2968,258,0.092290377039955,0.0725942599887451,0.8351153629713,0.000390190515277505,0.000306918149212184,0.00353074832116962
"CAMDA23_MetaSUB_gCSD17_SAO_6",569,3968,257,0.118690029203171,0.0536086775135586,0.827701293283271,0.000397602089053085,0.000179584774844715,0.00277273302172696
"CAMDA23_MetaSUB_gCSD17_SAO_7",1004,781,613,0.418682235195997,0.255629691409508,0.325688073394495,0.000432239002337276,0.000263906880909114,0.000336233725921726
"CAMDA23_MetaSUB_gCSD17_SAO_8",358,571,369,0.275808936825886,0.284283513097072,0.439907550077042,0.000272023038375764,0.00028038128815826,0.000433869147800451
"CAMDA23_MetaSUB_gCSD17_SAO_9",450,771,166,0.324441240086518,0.119682768565249,0.555875991348234,0.000402138662772773,0.000148344484489512,0.000688997575550684
"CAMDA23_MetaSUB_gCSD17_TOK_10",489,510,153,0.424479166666667,0.1328125,0.442708333333333,0.000406450004155931,0.00012717147369296,0.000423904912309866
"CAMDA23_MetaSUB_gCSD17_TOK_11",504,966,221,0.298048492016558,0.130691898285038,0.571259609698403,0.000187817780977636,8.23566063413842e-05,0.000359984080207136
"CAMDA23_MetaSUB_gCSD17_TOK_12",1492,3242,338,0.29416403785489,0.0666403785488959,0.639195583596215,0.000355301795774338,8.04906212947226e-05,0.000772043178217428
"CAMDA23_MetaSUB_gCSD17_TOK_13",269,394,282,0.284656084656085,0.298412698412698,0.416931216931217,0.000190027712963493,0.00019921120838552,0.000278330553559911
"CAMDA23_MetaSUB_gCSD17_TOK_14",1794,611,250,0.675706214689266,0.0941619585687382,0.230131826741996,0.000672586729571397,9.37272477106182e-05,0.000229069393404751
"CAMDA23_MetaSUB_gCSD17_TOK_15",446,843,245,0.290743155149935,0.159713168187744,0.549543676662321,0.000474203237553494,0.00026049280986683,0.000896307913133622
"CAMDA23_MetaSUB_gCSD17_TOK_16",242,1793,181,0.109205776173285,0.0816787003610108,0.809115523465704,0.00150491897068517,0.00112557989129759,0.011150081464622
"CAMDA23_MetaSUB_gCSD17_TOK_17",311,518,593,0.218706047819972,0.417018284106892,0.364275668073136,0.000234712906870296,0.000447539401202847,0.000390936610156956
"CAMDA23_MetaSUB_gCSD17_TOK_18",84,8575,38,0.00965850293204553,0.00436932275497298,0.985972174312981,0.0010812898242904,0.000489154920512325,0.110381669562979
"CAMDA23_MetaSUB_gCSD17_TOK_19",367,714,405,0.246971736204576,0.272543741588156,0.480484522207268,0.000280981244693321,0.000310074670574373,0.000546650159975562
"CAMDA23_MetaSUB_gCSD17_TOK_1",1000,2349,300,0.274047684297068,0.0822143052891203,0.643738010413812,0.000321524385695509,9.64573157086526e-05,0.00075526078199875
"CAMDA23_MetaSUB_gCSD17_TOK_20",290,515,109,0.317286652078775,0.11925601750547,0.563457330415755,6.96384348449596e-05,2.61744462003469e-05,0.00012366825498329
"CAMDA23_MetaSUB_gCSD17_TOK_21",1191,1218,198,0.456846950517837,0.0759493670886076,0.467203682393556,0.000775554218467958,0.000128933446898955,0.000793136052135997
"CAMDA23_MetaSUB_gCSD17_TOK_22",524,1323,381,0.235188509874327,0.171005385996409,0.593806104129264,0.000142609908286044,0.000103691555452257,0.000360062802790909
"CAMDA23_MetaSUB_gCSD17_TOK_23",409,5594,214,0.0657873572462603,0.0344217468232266,0.899790895930513,0.000181457525407381,9.49435463011725e-05,0.0024818420467699
"CAMDA23_MetaSUB_gCSD17_TOK_24",311,845,270,0.218092566619916,0.189340813464236,0.592566619915849,0.000109195604086935,9.48000421333521e-05,0.000296689020750676
"CAMDA23_MetaSUB_gCSD17_TOK_25",1192,964,239,0.497703549060543,0.0997912317327766,0.402505219206681,0.000906301915627245,0.000181716575364859,0.000732948864651564
"CAMDA23_MetaSUB_gCSD17_TOK_2",1967,718,169,0.689208128941836,0.0592151366503153,0.251576734407849,0.000956552946931979,8.21847727663978e-05,0.000349163709149548
"CAMDA23_MetaSUB_gCSD17_TOK_3",386,3158,308,0.100207684319834,0.0799584631360332,0.819833852544133,0.0001396646528664,0.000111442261872671,0.00114264500972044
"CAMDA23_MetaSUB_gCSD17_TOK_4",202,1303,142,0.122647237401336,0.0862173649058895,0.791135397692775,0.00013434486593114,9.44404503080288e-05,0.000866590892615222
"CAMDA23_MetaSUB_gCSD17_TOK_5",408,2009,223,0.154545454545455,0.084469696969697,0.760984848484848,0.000449628395355603,0.000245752774912499,0.00221397903497404
"CAMDA23_MetaSUB_gCSD17_TOK_6",180,896,104,0.152542372881356,0.088135593220339,0.759322033898305,0.00153140659695931,0.000884812700465377,0.00762300172708633
"CAMDA23_MetaSUB_gCSD17_TOK_7",432,8730,454,0.0449251247920133,0.0472129783693844,0.907861896838602,0.00031492159764392,0.000330959271598008,0.00636404061905421
"CAMDA23_MetaSUB_gCSD17_TOK_8",259,1075,174,0.171750663129973,0.115384615384615,0.712864721485411,0.000831759733836885,0.000558788392616286,0.00345228460955464
"CAMDA23_MetaSUB_gCSD17_TOK_9",589,879,261,0.340659340659341,0.150954308849046,0.508386350491614,0.0003962386257987,0.000175582820600103,0.000591330648687703
"CAMDA23_MetaSUB_gCSD17_VIE_10",1699,2103,233,0.421065675340768,0.0577447335811648,0.521189591078067,0.000354003763816356,4.85478969801124e-05,0.000438181233258268
"CAMDA23_MetaSUB_gCSD17_VIE_11",1043,1767,428,0.322112415071031,0.132180358245831,0.545707226683138,0.000411907971149855,0.00016902839084577,0.000697834501459055
"CAMDA23_MetaSUB_gCSD17_VIE_12",350,595,104,0.333651096282173,0.0991420400381316,0.567206863679695,9.2909887231288e-05,2.76075093487256e-05,0.00015794680829319
"CAMDA23_MetaSUB_gCSD17_VIE_13",2032,1898,335,0.476436107854631,0.078546307151231,0.445017584994138,0.000674145300208647,0.000111141080496996,0.000629688868009848
"CAMDA23_MetaSUB_gCSD17_VIE_14",2094,2339,14395,0.111217335882728,0.764552793711494,0.124229870405779,0.00113746485483471,0.00781939187456815,0.00127054932925425
"CAMDA23_MetaSUB_gCSD17_VIE_15",844,3097,54,0.211264080100125,0.0135168961201502,0.775219023779725,0.000299444431238298,1.91587669275689e-05,0.00109879076249409
"CAMDA23_MetaSUB_gCSD17_VIE_16",3122,3611,383,0.438729623383924,0.0538223721191681,0.507448004496908,0.000972467216610064,0.000119300110173496,0.00112478511184463
"CAMDA23_MetaSUB_gCSD17_VIE_1",996,1253,322,0.387397899649942,0.125243096071567,0.487359004278491,0.000368880964779275,0.000119256697448721,0.00046406410528959
"CAMDA23_MetaSUB_gCSD17_VIE_2",1618,9412,387,0.141718489971096,0.0338968205307874,0.824384689498117,0.000829856790721196,0.000198488614344316,0.00482732516332997
"CAMDA23_MetaSUB_gCSD17_VIE_3",828,9266,165,0.0807096208207428,0.0160834389316698,0.903206940247588,0.00048874182036259,9.73942033331248e-05,0.00546942235202869
"CAMDA23_MetaSUB_gCSD17_VIE_4",1019,979,196,0.464448495897903,0.089334548769371,0.446216955332726,0.000682859620413147,0.000131344931894972,0.000656054532271316
"CAMDA23_MetaSUB_gCSD17_VIE_5",2293,3897,24641,0.0743731958094126,0.799228049690247,0.126398754500341,0.000716988660134868,0.00770489209523911,0.00121853676779136
"CAMDA23_MetaSUB_gCSD17_VIE_6",1392,1982,195,0.39002521714766,0.0546371532642197,0.55533762958812,0.000462426209467114,6.47795336537982e-05,0.000658425824111939
"CAMDA23_MetaSUB_gCSD17_VIE_7",2121,3714,340,0.343481781376518,0.0550607287449393,0.601457489878543,0.000774418273496347,0.00012414060018329,0.00135605349729629
"CAMDA23_MetaSUB_gCSD17_VIE_8",956,11997,306,0.0721019684742439,0.0230786635492873,0.904819367976469,0.000351370215199555,0.000112467872229146,0.00440940216710153
"CAMDA23_MetaSUB_gCSD17_VIE_9",1737,4494,244,0.268262548262548,0.0376833976833977,0.694054054054054,0.00053860364910949,7.56587739681725e-05,0.00139348577956134
"CAMDA23_MetaSUB_gCSD17_ZRH_10",1414,3616,184,0.271192942079018,0.0352896049098581,0.693517453011124,0.000628835440347131,8.18286570182972e-05,0.00160811099879436
"CAMDA23_MetaSUB_gCSD17_ZRH_11",2232,3547,114,0.378754454437468,0.0193449855761072,0.601900559986425,0.000505765431340643,2.58321053641726e-05,0.000803741032690529
"CAMDA23_MetaSUB_gCSD17_ZRH_12",698,1222,179,0.332539304430681,0.0852787041448309,0.582181991424488,0.000891778011156169,0.000228693787961252,0.00156125032898687
"CAMDA23_MetaSUB_gCSD17_ZRH_13",140540,327974,4227,0.297287521073907,0.00894147112266548,0.693771007803427,0.0375039561416664,0.00112800073011829,0.0875218621859037
"CAMDA23_MetaSUB_gCSD17_ZRH_14",709,1087,204,0.3545,0.102,0.5435,0.000617979095048497,0.00017781062819449,0.00094745172964417
"CAMDA23_MetaSUB_gCSD17_ZRH_15",6428,12009,348,0.342187915890338,0.0185254192174607,0.639286664892201,0.0019616148472394,0.000106198190236358,0.00366475306479432
"CAMDA23_MetaSUB_gCSD17_ZRH_16",2570,4205,378,0.35928980847197,0.0528449601565777,0.587865231371453,0.00105611808797423,0.000155335656519166,0.00172800644355316
"CAMDA23_MetaSUB_gCSD17_ZRH_1",1411,1352,140,0.486048914915605,0.0482259731312435,0.465725111953152,0.000544616689818987,5.40370918317918e-05,0.000521843915404161
"CAMDA23_MetaSUB_gCSD17_ZRH_2",810,1794,369,0.272452068617558,0.124117053481332,0.60343087790111,0.000988762289338701,0.000450436154032075,0.00218992536675757
"CAMDA23_MetaSUB_gCSD17_ZRH_3",2163,1885,314,0.495873452544704,0.0719853278312701,0.432141219624026,0.00129196265433518,0.000187552599843388,0.00112591290033371
"CAMDA23_MetaSUB_gCSD17_ZRH_4",3338,1037,159,0.736215262461403,0.0350683722981914,0.228716365240406,0.00128535892242408,6.12259043335618e-05,0.000399316118200652
"CAMDA23_MetaSUB_gCSD17_ZRH_5",1269,2132,346,0.3386709367494,0.092340539097945,0.568988524152655,0.000418462747911973,0.000114096225987031,0.000703043797122401
"CAMDA23_MetaSUB_gCSD17_ZRH_6",1926,2079,312,0.446143154968728,0.0722724113968033,0.481584433634468,0.000708472685913385,0.000114768160957932,0.00076475322638314
"CAMDA23_MetaSUB_gCSD17_ZRH_7",4732,6258,600,0.408283002588438,0.0517687661777394,0.539948231233822,0.0036680009549825,0.000465088878484678,0.0048508770025952
"CAMDA23_MetaSUB_gCSD17_ZRH_8",2831,2386,365,0.507165890361877,0.0653887495521319,0.427445360085991,0.00079387067899919,0.000102353513894279,0.000669083518223973
"CAMDA23_MetaSUB_gCSD17_ZRH_9",1733,1285,146,0.547724399494311,0.0461441213653603,0.406131479140329,0.000412048360639562,3.47138261127386e-05,0.000305529222978556
